Rk,Player,Age,Team,Lg,WAR,W,L,W-L%,ERA,G,GS,GF,CG,SHO,SV,IP,H,R,ER,HR,BB,IBB,SO,HBP,BK,WP,BF,ERA+,FIP,WHIP,H9,HR9,BB9,SO9,SO/BB,Awards
1,Logan Webb,28,SFG,NL,4.2,15,11,0.577,3.22,34,34,0,0,0,0,207,210,82,74,14,46,0,224,6,0,2,856,124,2.6,1.237,9.1,0.6,2,9.7,4.87,"AS,CYA-4,GG"
2,Garrett Crochet*,26,BOS,AL,6,18,5,0.783,2.59,32,32,0,1,1,0,205.1,165,62,59,24,46,0,255,3,3,7,814,155,2.89,1.028,7.2,1.1,2,11.2,5.54,"AS,CYA-2,MVP-8"
3,Cristopher Sánchez*,28,PHI,NL,8.1,13,5,0.722,2.5,32,32,0,1,0,0,202,171,58,56,12,44,0,212,6,1,6,807,178,2.55,1.064,7.6,0.5,2,9.4,4.82,"CYA-2,MVP-15"
4,Max Fried*,31,NYY,AL,4.6,19,5,0.792,2.86,32,32,0,0,0,0,195.1,164,73,62,14,51,0,189,10,1,8,801,144,3.07,1.101,7.6,0.6,2.3,8.7,3.71,"AS,CYA-4,GG"
5,Carlos Rodón*,32,NYY,AL,4.7,18,9,0.667,3.09,33,33,0,0,0,0,195.1,132,74,67,22,73,0,203,9,0,4,789,133,3.78,1.049,6.1,1,3.4,9.4,2.78,"AS,CYA-6"
6,Tarik Skubal*,28,DET,AL,6.4,13,6,0.684,2.21,31,31,0,1,1,0,195.1,141,55,48,18,33,0,241,5,2,3,748,187,2.45,0.891,6.5,0.8,1.5,11.1,7.3,"AS,CYA-1,MVP-5"
7,Kevin Gausman,34,TOR,AL,4,10,11,0.476,3.59,32,32,0,1,1,0,193,155,79,77,21,50,2,189,3,2,1,775,121,3.41,1.062,7.2,1,2.3,8.8,3.78,
8,Zac Gallen,29,ARI,NL,0.9,13,15,0.464,4.83,33,33,0,0,0,0,192,176,109,103,31,66,1,175,4,0,2,813,89,4.5,1.26,8.3,1.5,3.1,8.2,2.65,
9,Framber Valdez*,31,HOU,AL,3.5,13,11,0.542,3.66,31,31,0,2,0,0,192,171,82,78,15,68,0,187,7,1,12,802,113,3.37,1.245,8,0.7,3.2,8.8,2.75,
10,Paul Skenes,23,PIT,NL,8,10,10,0.5,1.97,32,32,0,1,0,0,187.2,136,45,41,11,42,0,216,6,0,2,733,224,2.36,0.948,6.5,0.5,2,10.4,5.14,"AS,CYA-1,MVP-6"
11,Bryan Woo,25,SEA,AL,4.3,15,7,0.682,2.94,30,30,0,0,0,0,186.2,137,64,61,26,36,0,198,4,0,3,731,130,3.47,0.927,6.6,1.3,1.7,9.5,5.5,"AS,CYA-5"
12,Zack Littell,29,2TM,2LG,3.3,10,8,0.556,3.81,32,32,0,1,0,0,186.2,174,81,79,36,32,1,130,7,0,3,759,112,4.88,1.104,8.4,1.7,1.5,6.3,4.06,
12,Zack Littell,29,TBR,AL,2.5,8,8,0.5,3.58,22,22,0,1,0,0,133.1,128,53,53,26,21,1,89,5,0,2,537,116,4.92,1.118,8.6,1.8,1.4,6,4.24,
12,Zack Littell,29,CIN,NL,0.7,2,0,1,4.39,10,10,0,0,0,0,53.1,46,28,26,10,11,0,41,2,0,1,222,103,4.77,1.069,7.8,1.7,1.9,6.9,3.73,
13,Hunter Brown,26,HOU,AL,5.9,12,9,0.571,2.43,31,31,0,1,0,0,185.1,133,55,50,17,57,1,206,7,1,0,729,171,3.14,1.025,6.5,0.8,2.8,10,3.61,"AS,CYA-3"
14,Merrill Kelly,36,2TM,2LG,2.7,12,9,0.571,3.52,32,32,0,0,0,0,184,157,79,72,23,48,0,167,2,2,1,748,117,3.76,1.114,7.7,1.1,2.3,8.2,3.48,
14,Merrill Kelly,36,ARI,NL,2.7,9,6,0.6,3.22,22,22,0,0,0,0,128.2,98,53,46,14,38,0,121,1,1,0,514,133,3.58,1.057,6.9,1,2.7,8.5,3.18,
14,Merrill Kelly,36,TEX,AL,0,3,3,0.5,4.23,10,10,0,0,0,0,55.1,59,26,26,9,10,0,46,1,1,1,234,88,4.18,1.247,9.6,1.5,1.6,7.5,4.6,
15,Jesús Luzardo*,27,PHI,NL,3.8,15,7,0.682,3.92,32,32,0,0,0,0,183.2,167,85,80,16,57,0,216,3,1,2,758,113,2.9,1.22,8.2,0.8,2.8,10.6,3.79,CYA-7
16,Tanner Bibee,26,CLE,AL,1,12,11,0.522,4.24,31,31,0,2,1,0,182.1,170,93,86,27,54,1,162,10,1,3,762,97,4.34,1.229,8.4,1.3,2.7,8,3,
17,Robbie Ray*,33,SFG,NL,3,11,8,0.579,3.65,32,32,0,1,0,0,182.1,148,81,74,22,73,0,186,4,1,7,755,109,3.93,1.212,7.3,1.1,3.6,9.2,2.55,AS
18,Nick Pivetta,32,SDP,NL,5,13,5,0.722,2.87,31,31,0,0,0,0,181.2,129,63,58,22,50,1,190,3,0,1,721,147,3.49,0.985,6.4,1.1,2.5,9.4,3.8,CYA-6
19,Luis Castillo,32,SEA,AL,2.3,11,8,0.579,3.54,32,32,0,0,0,0,180.2,168,76,71,23,46,0,162,7,0,3,745,108,3.88,1.185,8.4,1.1,2.3,8.1,3.52,
20,Sonny Gray,35,STL,NL,1.3,14,8,0.636,4.28,32,32,0,1,1,0,180.2,185,93,86,25,38,0,201,3,0,2,753,96,3.39,1.234,9.2,1.2,1.9,10,5.29,
21,Jake Irvin,28,WSN,NL,-0.3,9,13,0.409,5.7,33,33,0,0,0,0,180,195,120,114,38,62,0,124,6,1,3,787,73,5.64,1.428,9.8,1.9,3.1,6.2,2,
22,Matthew Boyd*,34,CHC,NL,2.6,14,8,0.636,3.21,31,31,0,0,0,0,179.2,154,69,64,19,42,0,154,9,0,2,718,121,3.65,1.091,7.7,1,2.1,7.7,3.67,AS
23,Yusei Kikuchi*,34,LAA,AL,2.8,7,11,0.389,3.99,33,33,0,0,0,0,178.1,180,87,79,24,74,3,174,3,0,8,772,104,4.23,1.424,9.1,1.2,3.7,8.8,2.35,AS
24,Freddy Peralta,29,MIL,NL,5.5,17,6,0.739,2.7,33,33,0,0,0,0,176.2,124,54,53,21,66,0,204,9,2,4,723,155,3.64,1.075,6.3,1.1,3.4,10.4,3.09,"AS,CYA-5"
25,Brandon Pfaadt,26,ARI,NL,0.5,13,9,0.591,5.25,33,33,0,0,0,0,176.2,198,107,103,26,37,2,147,12,0,3,767,81,4.22,1.33,10.1,1.3,1.9,7.5,3.97,
26,Mitch Keller,29,PIT,NL,1.6,6,15,0.286,4.19,32,32,0,0,0,0,176.1,171,91,82,21,51,0,150,10,0,5,749,105,4.02,1.259,8.7,1.1,2.6,7.7,2.94,
27,Sandy Alcantara,29,MIA,NL,0,11,12,0.478,5.36,31,31,0,0,0,0,174.2,165,107,104,22,57,0,142,9,2,8,745,80,4.28,1.271,8.5,1.1,2.9,7.3,2.49,
28,Yoshinobu Yamamoto,26,LAD,NL,4.9,12,8,0.6,2.49,30,30,0,0,0,0,173.2,113,53,48,14,59,0,201,3,0,5,684,165,2.94,0.99,5.9,0.7,3.1,10.4,3.41,"AS,CYA-3"
29,Jacob deGrom,37,TEX,AL,3,12,8,0.6,2.97,30,30,0,0,0,0,172.2,122,57,57,26,37,0,185,3,0,3,669,124,3.64,0.921,6.4,1.4,1.9,9.6,5,"AS,CYA-8"
30,Michael Wacha,33,KCR,AL,2.8,10,13,0.435,3.86,31,31,0,0,0,0,172.2,166,74,74,15,45,0,126,4,0,2,716,106,3.66,1.222,8.7,0.8,2.3,6.6,2.8,
31,Dean Kremer,29,BAL,AL,2.2,11,10,0.524,4.19,31,29,0,0,0,0,171.2,163,83,80,22,45,0,142,2,1,9,708,96,3.97,1.212,8.5,1.2,2.4,7.4,3.16,
32,Joe Ryan,29,MIN,AL,4.5,13,10,0.565,3.42,31,30,0,0,0,0,171,138,69,65,26,39,0,194,12,2,0,689,124,3.74,1.035,7.3,1.4,2.1,10.2,4.97,AS
33,Jeffrey Springs*,32,ATH,AL,2.5,11,11,0.5,4.11,32,30,0,0,0,0,171,153,90,78,28,54,0,138,3,3,0,713,105,4.65,1.211,8.1,1.5,2.8,7.3,2.56,
34,Chris Bassitt,36,TOR,AL,2.2,11,9,0.55,3.96,32,31,0,1,0,0,170.1,174,80,75,22,52,0,166,13,3,4,736,110,4.01,1.327,9.2,1.2,2.7,8.8,3.19,
35,Brady Singer,28,CIN,NL,3,14,12,0.538,4.03,32,32,0,0,0,0,169.2,150,80,76,19,60,0,163,14,0,3,716,111,3.98,1.238,8,1,3.2,8.6,2.72,
36,José Soriano,26,LAA,AL,2,10,11,0.476,4.26,31,31,0,0,0,0,169,158,89,80,12,78,0,152,5,0,8,724,97,3.73,1.396,8.4,0.6,4.2,8.1,1.95,
37,David Peterson*,29,NYM,NL,1.6,9,6,0.6,4.22,30,30,0,1,1,0,168.2,166,84,79,11,65,1,150,7,1,3,723,97,3.48,1.37,8.9,0.6,3.5,8,2.31,AS
38,Dylan Cease,29,SDP,NL,1,8,12,0.4,4.55,32,32,0,0,0,0,168,152,91,85,21,71,2,215,5,0,5,722,93,3.56,1.327,8.1,1.1,3.8,11.5,3.03,
39,Ryan Pepiot,27,TBR,AL,2.1,11,12,0.478,3.86,31,31,0,0,0,0,167.2,134,77,72,26,61,0,167,6,0,5,679,107,4.36,1.163,7.2,1.4,3.3,9,2.74,
40,Gavin Williams,25,CLE,AL,3.6,12,5,0.706,3.06,31,31,0,0,0,0,167.2,130,62,57,23,83,0,173,3,1,9,704,134,4.39,1.27,7,1.2,4.5,9.3,2.08,
41,Brayan Bello,26,BOS,AL,2.2,11,9,0.55,3.35,29,28,0,1,0,0,166.2,147,71,62,16,59,0,124,13,0,5,700,120,4.19,1.236,7.9,0.9,3.2,6.7,2.1,
42,Andrew Abbott*,26,CIN,NL,5.4,10,7,0.588,2.87,29,29,0,1,1,0,166.1,148,60,53,19,43,0,149,3,0,4,684,156,3.66,1.148,8,1,2.3,8.1,3.47,"AS,CYA-8"
43,Shane Baz,26,TBR,AL,0.6,10,12,0.455,4.87,31,31,0,0,0,0,166.1,158,91,90,26,64,0,176,9,0,3,711,85,4.37,1.335,8.5,1.4,3.5,9.5,2.75,
44,José Berríos,31,TOR,AL,1.4,9,5,0.643,4.17,31,30,0,0,0,0,166,160,86,77,26,56,2,138,7,1,1,698,104,4.65,1.301,8.7,1.4,3,7.5,2.46,
45,Clay Holmes,32,NYM,NL,2.1,12,8,0.6,3.53,33,31,0,0,0,0,165.2,150,74,65,14,66,0,129,13,1,6,708,116,4.11,1.304,8.1,0.8,3.6,7,1.95,
46,Nick Martinez,34,CIN,NL,2.2,11,14,0.44,4.45,40,26,2,0,0,0,165.2,158,86,82,22,42,1,116,6,0,6,683,101,4.33,1.207,8.6,1.2,2.3,6.3,2.76,
47,Kyle Hendricks,35,LAA,AL,1.3,8,10,0.444,4.76,31,31,0,0,0,0,164.2,167,92,87,25,43,3,114,5,0,0,695,87,4.6,1.275,9.1,1.4,2.4,6.2,2.65,
48,Mitchell Parker*,25,WSN,NL,-1.1,9,16,0.36,5.68,33,30,2,0,0,1,164.2,178,116,104,25,58,0,103,4,0,3,725,73,4.99,1.433,9.7,1.4,3.2,5.6,1.78,
49,Kyle Freeland*,32,COL,NL,1.4,5,17,0.227,4.98,31,31,0,0,0,0,162.2,193,105,90,22,38,2,124,6,0,2,709,97,4.18,1.42,10.7,1.2,2.1,6.9,3.26,
50,Andre Pallante,26,STL,NL,-1.2,6,15,0.286,5.31,31,31,0,0,0,0,162.2,173,109,96,21,62,0,111,5,2,12,715,77,4.68,1.445,9.6,1.2,3.4,6.1,1.79,
51,Luis Severino,31,ATH,AL,1.5,8,11,0.421,4.54,29,29,0,0,0,0,162.2,162,93,82,16,50,1,124,16,0,3,705,95,4.11,1.303,9,0.9,2.8,6.9,2.48,
52,Will Warren,26,NYY,AL,0.6,9,8,0.529,4.44,33,33,0,0,0,0,162.1,158,90,80,22,65,0,171,4,1,2,711,93,4.07,1.374,8.8,1.2,3.6,9.5,2.63,ROY-8
53,Jack Flaherty,29,DET,AL,0.8,8,15,0.348,4.64,31,31,0,0,0,0,161,147,85,83,23,59,1,188,5,0,4,681,89,3.85,1.28,8.2,1.3,3.3,10.5,3.19,
54,MacKenzie Gore*,26,WSN,NL,3.1,5,15,0.25,4.17,30,30,0,0,0,0,159.2,152,75,74,20,64,0,185,5,0,12,680,99,3.74,1.353,8.6,1.1,3.6,10.4,2.89,AS
55,Colin Rea,34,CHC,NL,0.7,11,7,0.611,3.95,32,27,3,0,0,1,159.1,155,73,70,20,44,0,127,6,0,2,662,99,4.11,1.249,8.8,1.1,2.5,7.2,2.89,
56,Chris Paddack,29,2TM,AL,0.2,5,12,0.294,5.35,33,28,3,0,0,1,158,166,98,94,31,37,0,112,3,0,5,670,79,5.03,1.285,9.5,1.8,2.1,6.4,3.03,
56,Chris Paddack,29,MIN,AL,0.8,3,9,0.25,4.95,21,21,0,0,0,0,111,115,65,61,17,27,0,83,3,0,3,472,86,4.44,1.279,9.3,1.4,2.2,6.7,3.07,
56,Chris Paddack,29,DET,AL,-0.6,2,3,0.4,6.32,12,7,3,0,0,1,47,51,33,33,14,10,0,29,0,0,2,198,66,6.41,1.298,9.8,2.7,1.9,5.6,2.9,
57,Quinn Priester,24,MIL,NL,3,13,3,0.813,3.32,29,24,2,0,0,0,157.1,145,62,58,18,50,0,132,6,0,4,653,126,4.01,1.239,8.3,1,2.9,7.6,2.64,
58,Ranger Suárez*,29,PHI,NL,4.8,12,8,0.6,3.2,26,26,0,0,0,0,157.1,154,57,56,14,38,0,151,6,0,0,651,139,3.21,1.22,8.8,0.8,2.2,8.6,3.97,
59,Tomoyuki Sugano,35,BAL,AL,1.1,10,10,0.5,4.64,30,30,0,0,0,0,157,173,85,81,33,36,2,106,8,1,3,675,87,5.36,1.331,9.9,1.9,2.1,6.1,2.94,
60,Logan Allen*,26,CLE,AL,0.3,8,11,0.421,4.25,30,29,0,0,0,0,156.2,157,84,74,18,62,1,122,6,0,4,676,97,4.37,1.398,9,1,3.6,7,1.97,
61,Nick Lodolo*,27,CIN,NL,4.7,9,8,0.529,3.33,29,28,0,2,1,0,156.2,138,60,58,22,31,1,156,13,1,2,642,135,3.81,1.079,7.9,1.3,1.8,9,5.03,
62,Bryce Elder,26,ATL,NL,-0.5,8,11,0.421,5.3,28,28,0,0,0,0,156.1,167,95,92,24,51,1,131,6,0,2,679,77,4.55,1.394,9.6,1.4,2.9,7.5,2.57,
63,Miles Mikolas,36,STL,NL,0.3,8,11,0.421,4.84,31,31,0,0,0,0,156.1,169,87,84,29,37,1,100,3,0,1,669,85,5.03,1.318,9.7,1.7,2.1,5.8,2.7,
64,Patrick Corbin*,35,TEX,AL,-0.4,7,11,0.389,4.4,31,30,1,1,0,0,155.1,161,79,76,21,51,1,131,3,0,6,663,84,4.25,1.365,9.3,1.2,3,7.6,2.57,
65,Eduardo Rodríguez*,32,ARI,NL,0.3,9,9,0.5,5.02,29,29,0,0,0,0,154.1,178,94,86,25,60,2,143,1,1,4,694,85,4.57,1.542,10.4,1.5,3.5,8.3,2.38,
66,Ryne Nelson,27,ARI,NL,3.3,7,3,0.7,3.39,33,23,4,0,0,1,154,124,62,58,17,41,0,132,4,0,1,619,126,3.73,1.071,7.2,1,2.4,7.7,3.22,
67,Justin Verlander,42,SFG,NL,1.3,4,11,0.267,3.85,29,29,0,0,0,0,152,155,74,65,16,52,1,137,6,0,2,662,103,3.85,1.362,9.2,0.9,3.1,8.1,2.63,
68,Jack Leiter,25,TEX,AL,0.4,10,10,0.5,3.86,29,29,0,0,0,0,151.2,127,69,65,18,67,0,148,5,1,10,646,96,4.15,1.279,7.5,1.1,4,8.8,2.21,ROY-7
69,Matthew Liberatore*,25,STL,NL,1,8,12,0.4,4.21,29,29,0,0,0,0,151.2,158,79,71,19,40,0,122,4,0,6,648,97,4.03,1.305,9.4,1.1,2.4,7.2,3.05,
70,Drew Rasmussen,29,TBR,AL,4.4,10,5,0.667,2.76,31,31,0,0,0,0,150,116,47,46,18,37,1,127,5,0,3,585,150,3.84,1.02,7,1.1,2.2,7.6,3.43,"AS,CYA-9"
71,Zack Wheeler,35,PHI,NL,5.1,10,5,0.667,2.71,24,24,0,1,0,0,149.2,107,48,45,19,33,0,195,8,0,2,585,164,3,0.935,6.4,1.1,2,11.7,5.91,"AS,CYA-9"
72,Casey Mize,28,DET,AL,1.7,14,6,0.7,3.87,28,28,0,0,0,0,149,153,68,64,21,36,1,139,3,0,2,627,107,3.89,1.268,9.2,1.3,2.2,8.4,3.86,AS
73,Bailey Ober,29,MIN,AL,1,6,9,0.4,5.1,27,27,0,1,0,0,146.1,159,84,83,30,31,0,120,5,2,1,624,83,4.9,1.298,9.8,1.8,1.9,7.4,3.87,
74,Shane Smith,25,CHW,AL,2.4,7,8,0.467,3.81,29,29,0,0,0,0,146.1,117,70,62,17,58,1,145,12,0,8,616,110,4.1,1.196,7.2,1,3.6,8.9,2.5,"AS,ROY-10"
75,Seth Lugo,35,KCR,AL,1.6,8,7,0.533,4.15,26,26,0,0,0,0,145.1,133,70,67,27,55,1,125,6,0,5,611,99,5.09,1.294,8.2,1.7,3.4,7.7,2.27,
76,Lucas Giolito,30,BOS,AL,1.9,10,4,0.714,3.41,26,26,0,0,0,0,145,131,62,55,17,56,0,121,1,0,4,613,118,4.17,1.29,8.1,1.1,3.5,7.5,2.16,
77,Shota Imanaga*,31,CHC,NL,1.5,9,8,0.529,3.73,25,25,0,0,0,0,144.2,117,62,60,31,26,0,117,1,0,1,567,104,4.86,0.988,7.3,1.9,1.6,7.3,4.5,
78,Davis Martin,28,CHW,AL,1.6,7,10,0.412,4.1,26,25,0,0,0,0,142.2,136,74,65,20,48,1,104,6,2,2,601,102,4.64,1.29,8.6,1.3,3,6.6,2.17,
79,Taj Bradley,24,2TM,AL,-0.5,6,8,0.429,5.05,27,27,0,0,0,0,142.2,131,88,80,19,56,0,127,4,1,7,605,83,4.35,1.311,8.3,1.2,3.5,8,2.27,
79,Taj Bradley,24,TBR,AL,-0.2,6,6,0.5,4.61,21,21,0,0,0,0,111.1,99,65,57,13,44,0,95,4,0,4,471,90,4.24,1.284,8,1.1,3.6,7.7,2.16,
79,Taj Bradley,24,MIN,AL,-0.3,0,2,0,6.61,6,6,0,0,0,0,31.1,32,23,23,6,12,0,32,0,1,3,134,65,4.73,1.404,9.2,1.7,3.4,9.2,2.67,
80,Charlie Morton,41,3TM,2LG,-0.8,9,11,0.45,5.83,33,27,1,0,0,0,142,152,94,92,23,72,2,149,14,2,3,654,70,4.96,1.577,9.6,1.5,4.6,9.4,2.07,
80,Charlie Morton,41,2TM,AL,-0.9,9,11,0.45,5.89,32,26,1,0,0,0,140.2,150,94,92,23,71,2,148,14,2,3,648,69,4.97,1.571,9.6,1.5,4.5,9.5,2.08,
80,Charlie Morton,41,BAL,AL,-0.2,7,8,0.467,5.42,23,17,1,0,0,0,101.1,110,63,61,16,48,1,101,9,1,1,464,74,4.88,1.559,9.8,1.4,4.3,9,2.1,
80,Charlie Morton,41,DET,AL,-0.7,2,3,0.4,7.09,9,9,0,0,0,0,39.1,40,31,31,7,23,1,47,5,1,2,184,59,5.19,1.602,9.2,1.6,5.3,10.8,2.04,
80,Charlie Morton,41,ATL,NL,0.1,0,0,,0,1,1,0,0,0,0,1.1,2,0,0,0,1,0,1,0,0,0,6,,3.89,2.25,13.5,0,6.8,6.8,1,
81,Michael Lorenzen,33,KCR,AL,0.4,7,11,0.389,4.64,27,26,0,0,0,0,141.2,149,76,73,25,39,0,127,6,0,12,606,89,4.59,1.327,9.5,1.6,2.5,8.1,3.26,
82,Erick Fedde,32,3TM,NL,-0.7,4,13,0.235,5.49,32,24,1,1,1,0,141,147,90,86,19,67,1,83,3,0,2,623,75,5.2,1.518,9.4,1.2,4.3,5.3,1.24,
82,Erick Fedde,32,STL,NL,-0.1,3,10,0.231,5.22,20,20,0,1,1,0,101.2,106,62,59,14,47,1,63,2,0,2,446,79,5.13,1.505,9.4,1.2,4.2,5.6,1.34,
82,Erick Fedde,32,ATL,NL,-0.7,1,2,0.333,8.1,5,4,0,0,0,0,23.1,30,21,21,3,13,0,13,1,0,0,111,51,5.49,1.843,11.6,1.2,5,5,1,
82,Erick Fedde,32,MIL,NL,0.1,0,1,0,3.38,7,0,1,0,0,0,16,11,7,6,2,7,0,7,0,0,0,66,127,5.2,1.125,6.2,1.1,3.9,3.9,1,
83,Noah Cameron*,25,KCR,AL,3.8,9,7,0.563,2.99,24,24,0,0,0,0,138.1,109,46,46,18,43,1,114,3,0,3,556,137,4.18,1.099,7.1,1.2,2.8,7.4,2.65,ROY-4
84,Edward Cabrera,27,MIA,NL,2.6,8,7,0.533,3.53,26,26,0,0,0,0,137.2,121,60,54,17,48,0,150,10,0,8,581,121,3.83,1.228,7.9,1.1,3.1,9.8,3.13,
85,Tyler Anderson*,35,LAA,AL,1.7,2,8,0.2,4.56,26,26,0,0,0,0,136.1,135,73,69,28,57,4,104,3,3,5,599,91,5.6,1.408,8.9,1.8,3.8,6.9,1.82,
86,JP Sears*,29,2TM,2LG,1,9,11,0.45,5.04,27,27,0,0,0,0,135.2,143,79,76,30,36,0,117,6,0,1,583,85,5.21,1.319,9.5,2,2.4,7.8,3.25,
86,JP Sears*,29,ATH,AL,1.2,7,9,0.438,4.95,22,22,0,0,0,0,111,112,63,61,23,29,0,97,5,0,1,472,87,5,1.27,9.1,1.9,2.4,7.9,3.34,
86,JP Sears*,29,SDP,NL,-0.1,2,2,0.5,5.47,5,5,0,0,0,0,24.2,31,16,15,7,7,0,20,1,0,0,111,78,6.18,1.541,11.3,2.6,2.6,7.3,2.86,
87,Sean Burke,25,CHW,AL,1,4,11,0.267,4.22,28,22,0,0,0,0,134.1,131,76,63,23,63,0,133,6,0,2,596,99,4.92,1.444,8.8,1.5,4.2,8.9,2.11,
88,Randy Vásquez,26,SDP,NL,2.2,6,7,0.462,3.84,28,26,1,0,0,0,133.2,125,59,57,16,52,1,78,7,1,3,570,110,4.85,1.324,8.4,1.1,3.5,5.3,1.5,
89,Dustin May,27,2TM,2LG,-0.7,7,11,0.389,4.96,25,23,1,0,0,0,132.1,132,78,73,21,56,3,123,12,0,1,584,83,4.88,1.421,9,1.4,3.8,8.4,2.2,
89,Dustin May,27,LAD,NL,-0.4,6,7,0.462,4.85,19,18,0,0,0,0,104,97,60,56,16,43,3,97,8,0,1,451,85,4.74,1.346,8.4,1.4,3.7,8.4,2.26,
89,Dustin May,27,BOS,AL,-0.3,1,4,0.2,5.4,6,5,1,0,0,0,28.1,35,18,17,5,13,0,26,4,0,0,133,75,5.39,1.694,11.1,1.6,4.1,8.3,2,
90,Slade Cecconi,26,CLE,AL,0.7,7,7,0.5,4.3,23,23,0,0,0,0,132,125,66,63,24,32,1,109,3,1,3,545,96,4.64,1.189,8.5,1.6,2.2,7.4,3.41,
91,Jose Quintana*,36,MIL,NL,1.4,11,7,0.611,3.96,24,24,0,0,0,0,131.2,120,65,58,18,50,0,89,5,1,1,556,106,4.81,1.291,8.2,1.2,3.4,6.1,1.78,
92,Logan Gilbert,28,SEA,AL,2,6,6,0.5,3.44,25,25,0,0,0,0,131,104,53,50,20,31,0,173,7,0,10,535,111,3.35,1.031,7.1,1.4,2.1,11.9,5.58,
93,Brad Lord,25,WSN,NL,1.6,5,10,0.333,4.34,48,19,2,0,0,0,130.2,126,65,63,17,43,0,108,3,0,1,546,96,4.23,1.293,8.7,1.2,3,7.4,2.51,
94,Nathan Eovaldi,35,TEX,AL,4.3,11,3,0.786,1.73,22,22,0,1,1,0,130,90,28,25,10,21,1,129,7,0,6,496,214,2.8,0.854,6.2,0.7,1.5,8.9,6.14,
95,Antonio Senzatela,30,COL,NL,-0.6,4,15,0.211,6.65,30,23,0,0,0,0,130,192,103,96,22,47,2,73,8,1,9,618,73,5.48,1.838,13.3,1.5,3.3,5.1,1.55,
96,Jameson Taillon,33,CHC,NL,1.4,11,7,0.611,3.68,23,23,0,0,0,0,129.2,110,54,53,24,27,0,98,0,0,1,519,106,4.65,1.057,7.6,1.7,1.9,6.8,3.63,
97,Germán Márquez,30,COL,NL,-1.2,3,16,0.158,6.7,26,26,0,0,0,0,126.1,168,106,94,23,48,1,83,6,0,6,591,72,5.47,1.71,12,1.6,3.4,5.9,1.73,
98,George Kirby,27,SEA,AL,0.7,10,8,0.556,4.21,23,23,0,0,0,0,126,121,60,59,15,29,0,137,7,0,3,524,91,3.37,1.19,8.6,1.1,2.1,9.8,4.72,
99,Walker Buehler,30,2TM,2LG,-0.1,10,7,0.588,4.93,26,24,1,0,0,0,126,130,73,69,22,61,0,92,11,0,0,565,83,5.66,1.516,9.3,1.6,4.4,6.6,1.51,
99,Walker Buehler,30,BOS,AL,-1,7,7,0.5,5.45,23,22,1,0,0,0,112.1,120,72,68,22,55,0,84,9,0,0,508,74,5.89,1.558,9.6,1.8,4.4,6.7,1.53,
99,Walker Buehler,30,PHI,NL,0.9,3,0,1,0.66,3,2,0,0,0,0,13.2,10,1,1,0,6,0,8,2,0,0,57,690,3.72,1.171,6.6,0,4,5.3,1.33,
100,Chris Sale*,36,ATL,NL,3.9,7,5,0.583,2.58,21,20,0,0,0,0,125.2,102,38,36,11,32,0,165,11,0,3,510,158,2.67,1.066,7.3,0.8,2.3,11.8,5.16,AS
101,Spencer Strider,26,ATL,NL,0.9,7,14,0.333,4.45,23,23,0,0,0,0,125.1,124,63,62,20,51,0,131,8,1,1,539,91,4.53,1.396,8.9,1.4,3.7,9.4,2.57,
102,Bailey Falter*,28,2TM,2LG,1,7,7,0.5,4.45,26,24,1,0,0,0,125.1,115,68,62,19,46,0,81,1,0,5,518,99,4.94,1.285,8.3,1.4,3.3,5.8,1.76,
102,Bailey Falter*,28,PIT,NL,1.6,7,5,0.583,3.73,22,22,0,0,0,0,113.1,95,53,47,17,39,0,70,1,0,4,457,118,4.91,1.182,7.5,1.4,3.1,5.6,1.79,
102,Bailey Falter*,28,KCR,AL,-0.7,0,2,0,11.25,4,2,1,0,0,0,12,20,15,15,2,7,0,11,0,0,1,61,38,5.22,2.25,15,1.5,5.3,8.3,1.57,
103,Adrian Houser,32,2TM,AL,3.1,8,5,0.615,3.31,21,21,0,0,0,0,125,122,49,46,10,38,0,92,8,3,5,518,126,3.81,1.28,8.8,0.7,2.7,6.6,2.42,
103,Adrian Houser,32,CHW,AL,2.9,6,2,0.75,2.1,11,11,0,0,0,0,68.2,62,19,16,3,22,0,47,1,1,3,275,200,3.34,1.223,8.1,0.4,2.9,6.2,2.14,
103,Adrian Houser,32,TBR,AL,0.2,2,3,0.4,4.79,10,10,0,0,0,0,56.1,60,30,30,7,16,0,45,7,2,2,243,87,4.38,1.349,9.6,1.1,2.6,7.2,2.81,
104,Taijuan Walker,32,PHI,NL,1.5,5,8,0.385,4.08,34,21,4,0,0,1,123.2,132,62,56,21,42,0,86,4,0,1,538,109,5.07,1.407,9.6,1.5,3.1,6.3,2.05,
105,Andrew Heaney*,34,2TM,NL,-0.2,5,10,0.333,5.52,27,23,0,0,0,0,122.1,129,77,75,25,40,0,86,9,0,2,536,80,5.59,1.381,9.5,1.8,2.9,6.3,2.15,
105,Andrew Heaney*,34,PIT,NL,0,5,10,0.333,5.39,26,23,0,0,0,0,120.1,125,74,72,24,39,0,84,9,0,2,525,82,5.53,1.363,9.3,1.8,2.9,6.3,2.15,
105,Andrew Heaney*,34,LAD,NL,-0.2,0,0,,13.5,1,0,0,0,0,0,2,4,3,3,1,1,0,2,0,0,0,11,36,9.14,2.5,18,4.5,4.5,9,2,
106,Chad Patrick,26,MIL,NL,2,3,8,0.273,3.53,27,23,0,0,0,0,119.2,113,49,47,13,40,1,127,4,0,1,503,119,3.53,1.279,8.5,1,3,9.6,3.18,ROY-7
107,Cade Horton,23,CHC,NL,2.1,11,4,0.733,2.67,23,22,0,0,0,0,118,95,40,35,10,33,0,97,6,0,1,476,146,3.58,1.085,7.2,0.8,2.5,7.4,2.94,ROY-2
108,Cal Quantrill,30,2TM,NL,-0.7,4,12,0.25,6.04,26,26,0,0,0,0,117.2,136,81,79,22,35,0,85,5,0,3,513,71,5.14,1.453,10.4,1.7,2.7,6.5,2.43,
108,Cal Quantrill,30,MIA,NL,-0.2,4,10,0.286,5.5,24,24,0,0,0,0,109.2,122,69,67,17,30,0,82,5,0,3,470,78,4.61,1.386,10,1.4,2.5,6.7,2.73,
108,Cal Quantrill,30,ATL,NL,-0.5,0,2,0,13.5,2,2,0,0,0,0,8,14,12,12,5,5,0,3,0,0,0,43,31,12.39,2.375,15.8,5.6,5.6,3.4,0.6,
109,Kris Bubic*,27,KCR,AL,3.1,8,7,0.533,2.55,20,20,0,0,0,0,116.1,98,38,33,6,39,1,116,3,0,1,476,161,2.89,1.178,7.6,0.5,3,9,2.97,AS
110,Grant Holmes,29,ATL,NL,1.4,4,9,0.308,3.99,22,21,1,0,0,0,115,100,52,51,16,54,1,123,7,0,5,492,102,4.4,1.339,7.8,1.3,4.2,9.6,2.28,
111,Kodai Senga,32,NYM,NL,2.3,7,6,0.538,3.02,22,22,0,0,0,0,113.1,94,44,38,12,55,0,109,3,0,5,482,136,4.12,1.315,7.5,1,4.4,8.7,1.98,
112,Clayton Kershaw*,37,LAD,NL,1.6,11,2,0.846,3.36,23,22,0,0,0,0,112.2,102,46,42,8,35,0,84,2,1,5,463,122,3.55,1.216,8.1,0.6,2.8,6.7,2.4,AS
113,Stephen Kolek,28,2TM,2LG,1.9,5,7,0.417,3.51,19,19,0,1,1,0,112.2,98,49,44,9,31,1,77,7,0,0,461,120,3.82,1.145,7.8,0.7,2.5,6.2,2.48,
113,Stephen Kolek,28,SDP,NL,0.8,4,5,0.444,4.18,14,14,0,1,1,0,79.2,78,40,37,8,26,1,56,7,0,0,336,101,4.28,1.305,8.8,0.9,2.9,6.3,2.15,
113,Stephen Kolek,28,KCR,AL,1.1,1,2,0.333,1.91,5,5,0,0,0,0,33,20,9,7,1,5,0,21,0,0,0,125,217,2.71,0.758,5.5,0.3,1.4,5.7,4.2,
114,Cade Povich*,25,BAL,AL,-0.3,3,8,0.273,5.21,22,20,0,0,0,0,112.1,125,70,65,17,43,2,118,1,0,6,488,77,4.18,1.496,10,1.4,3.4,9.5,2.74,
115,Simeon Woods Richardson,24,MIN,AL,2.1,7,4,0.636,4.04,23,22,0,0,0,0,111.1,96,53,50,17,46,0,107,3,1,4,471,105,4.52,1.275,7.8,1.4,3.7,8.6,2.33,
116,Jack Kochanowicz,24,LAA,AL,-1.6,3,11,0.214,6.81,23,23,0,0,0,0,111,136,89,84,21,58,4,72,7,1,4,512,61,6.05,1.748,11,1.7,4.7,5.8,1.24,
117,Spencer Schwellenbach,25,ATL,NL,2.2,7,4,0.636,3.09,17,17,0,1,0,0,110.2,89,44,38,13,18,1,108,2,0,2,434,132,3.25,0.967,7.2,1.1,1.5,8.8,6,
118,Janson Junk,29,MIA,NL,1,6,4,0.6,4.17,21,16,3,0,0,1,110,112,54,51,8,13,0,77,4,0,2,447,103,3.14,1.136,9.2,0.7,1.1,6.3,5.92,
119,Trevor Rogers*,27,BAL,AL,5.3,9,3,0.75,1.81,18,18,0,1,0,0,109.2,70,23,22,6,29,0,103,2,1,0,423,223,2.82,0.903,5.7,0.5,2.4,8.5,3.55,CYA-9
120,Hunter Greene,25,CIN,NL,4.2,7,4,0.636,2.76,19,19,0,1,1,0,107.2,75,35,33,15,26,0,132,2,0,5,420,163,3.27,0.938,6.3,1.3,2.2,11,5.08,
121,Landen Roupp,26,SFG,NL,0.8,7,7,0.5,3.8,22,22,0,0,0,0,106.2,113,55,45,11,45,1,102,3,1,7,476,105,3.91,1.481,9.5,0.9,3.8,8.6,2.27,
122,Ben Brown,25,CHC,NL,-1.5,5,8,0.385,5.92,25,15,3,0,0,1,106.1,121,73,70,18,32,0,121,4,0,5,472,66,4.08,1.439,10.2,1.5,2.7,10.2,3.78,
123,Eric Lauer*,30,TOR,AL,2.3,9,2,0.818,3.18,28,15,2,0,0,0,104.2,90,39,37,15,26,1,102,2,0,0,426,137,3.85,1.108,7.7,1.3,2.2,8.8,3.92,
124,Jonathan Cannon,24,CHW,AL,-0.4,4,10,0.286,5.82,22,17,1,0,0,0,103.2,116,69,67,19,38,1,86,6,1,2,466,72,5.13,1.486,10.1,1.6,3.3,7.5,2.26,
125,Aaron Civale,30,3TM,2LG,0.2,4,9,0.308,4.85,23,18,2,0,0,1,102,96,59,55,16,33,1,88,7,2,0,435,86,4.63,1.265,8.5,1.4,2.9,7.8,2.67,
125,Aaron Civale,30,2TM,NL,0.4,2,2,0.5,3.86,10,5,2,0,0,1,35,30,15,15,8,7,1,33,5,0,0,144,108,5.25,1.057,7.7,2.1,1.8,8.5,4.71,
125,Aaron Civale,30,MIL,NL,0.1,1,2,0.333,4.91,5,5,0,0,0,0,22,23,12,12,5,7,1,19,2,0,0,94,87,5.59,1.364,9.4,2,2.9,7.8,2.71,
125,Aaron Civale,30,CHW,AL,-0.2,2,7,0.222,5.37,13,13,0,0,0,0,67,66,44,40,8,26,0,55,2,2,0,291,78,4.3,1.373,8.9,1.1,3.5,7.4,2.12,
125,Aaron Civale,30,CHC,NL,0.3,1,0,1,2.08,5,0,2,0,0,1,13,7,3,3,3,0,0,14,3,0,0,50,193,4.67,0.538,4.8,2.1,0,9.7,,
126,Ryan Gusto,26,2TM,2LG,-0.5,7,7,0.5,5.67,27,17,2,0,0,0,101.2,114,67,64,17,36,0,97,5,0,0,453,74,4.61,1.475,10.1,1.5,3.2,8.6,2.69,
126,Ryan Gusto,26,HOU,AL,0.1,7,4,0.636,4.92,24,14,2,0,0,0,86,95,50,47,13,28,0,87,3,0,0,379,84,4.16,1.43,9.9,1.4,2.9,9.1,3.11,
126,Ryan Gusto,26,MIA,NL,-0.6,0,3,0,9.77,3,3,0,0,0,0,15.2,19,17,17,4,8,0,10,2,0,0,74,45,7.09,1.723,10.9,2.3,4.6,5.7,1.25,
127,Mike Vasil,25,CHW,AL,2.9,5,3,0.625,2.5,47,3,17,0,0,4,101,74,32,28,8,52,5,82,8,2,4,423,168,4.32,1.248,6.6,0.7,4.6,7.3,1.58,
128,Carmen Mlodzinski,26,PIT,NL,1.4,5,8,0.385,3.55,34,12,7,0,0,0,99,102,42,39,8,27,0,89,4,0,5,419,124,3.33,1.303,9.3,0.7,2.5,8.1,3.3,
129,Chase Dollander,23,COL,NL,-0.4,2,12,0.143,6.52,21,21,0,0,0,0,98,103,76,71,18,49,0,82,6,0,2,441,74,5.53,1.551,9.5,1.7,4.5,7.5,1.67,
130,Joey Wentz*,27,3TM,2LG,-0.4,5,7,0.417,5.6,39,13,9,0,0,0,98,110,66,61,11,43,3,92,1,0,5,442,75,4.06,1.561,10.1,1,3.9,8.4,2.14,
130,Joey Wentz*,27,2TM,NL,0,5,7,0.417,4.7,33,13,7,0,0,0,90,93,52,47,8,34,3,86,1,0,3,393,89,3.55,1.411,9.3,0.8,3.4,8.6,2.53,
130,Joey Wentz*,27,PIT,NL,0.3,2,1,0.667,4.15,19,0,7,0,0,0,26,25,14,12,2,11,2,22,1,0,0,115,107,3.83,1.385,8.7,0.7,3.8,7.6,2,
130,Joey Wentz*,27,MIN,AL,-0.4,0,0,,15.75,6,0,2,0,0,0,8,17,14,14,3,9,0,6,0,0,2,49,28,9.89,3.25,19.1,3.4,10.1,6.8,0.67,
130,Joey Wentz*,27,ATL,NL,-0.3,3,6,0.333,4.92,14,13,0,0,0,0,64,68,38,35,6,23,1,64,0,0,3,278,83,3.43,1.422,9.6,0.8,3.2,9,2.78,
131,Tyler Alexander*,30,2TM,2LG,-0.4,5,14,0.263,4.98,52,5,12,0,0,1,97.2,107,62,54,9,30,5,82,2,2,1,423,85,3.64,1.403,9.9,0.8,2.8,7.6,2.73,
131,Tyler Alexander*,30,MIL,NL,-1.1,3,5,0.375,6.19,21,4,7,0,0,1,36.1,42,31,25,3,12,0,30,1,1,0,164,68,3.63,1.486,10.4,0.7,3,7.4,2.5,
131,Tyler Alexander*,30,CHW,AL,0.7,2,9,0.182,4.26,31,1,5,0,0,0,61.1,65,31,29,6,18,5,52,1,1,1,259,99,3.64,1.353,9.5,0.9,2.6,7.6,2.89,
132,Mike Burrows,25,PIT,NL,1.5,2,4,0.333,3.94,23,19,0,0,0,0,96,88,43,42,13,31,1,97,5,0,2,402,112,4,1.24,8.3,1.2,2.9,9.1,3.13,
133,Michael McGreevy,24,STL,NL,0.6,8,4,0.667,4.42,17,16,1,0,0,0,95.2,100,50,47,12,20,0,58,3,1,0,400,93,4.27,1.254,9.4,1.1,1.9,5.5,2.9,
134,Joey Cantillo*,25,CLE,AL,1.3,5,3,0.625,3.21,34,13,10,0,0,1,95.1,78,39,34,10,42,0,108,0,0,2,401,128,3.55,1.259,7.4,0.9,4,10.2,2.57,
135,Eury Pérez,22,MIA,NL,1.1,7,6,0.538,4.25,20,20,0,0,0,0,95.1,68,47,45,12,32,0,105,3,2,9,385,101,3.67,1.049,6.4,1.1,3,9.9,3.28,
136,Aaron Nola,32,PHI,NL,-0.3,5,10,0.333,6.01,17,17,0,0,0,0,94.1,99,65,63,18,28,0,97,4,0,1,404,74,4.58,1.346,9.4,1.7,2.7,9.3,3.46,
137,Jacob Lopez*,27,ATH,AL,1.4,7,7,0.5,4.08,21,17,1,0,0,0,92.2,81,47,42,15,37,0,113,8,1,0,399,106,4.26,1.273,7.9,1.5,3.6,11,3.05,
138,Sean Newcomb*,32,2TM,AL,1.8,2,5,0.286,2.73,48,5,11,0,0,2,92.1,94,36,28,5,31,2,91,5,0,2,391,154,3.04,1.354,9.2,0.5,3,8.9,2.94,
138,Sean Newcomb*,32,BOS,AL,-0.2,0,4,0,3.95,12,5,5,0,0,0,41,55,24,18,3,17,0,41,2,0,2,190,102,3.48,1.756,12.1,0.7,3.7,9,2.41,
138,Sean Newcomb*,32,ATH,AL,1.9,2,1,0.667,1.75,36,0,6,0,0,2,51.1,39,12,10,2,14,2,50,3,0,0,201,247,2.69,1.032,6.8,0.4,2.5,8.8,3.57,
139,Keider Montero,24,DET,AL,0.6,5,3,0.625,4.37,20,12,1,0,0,0,90.2,95,46,44,16,31,0,72,2,0,2,389,95,4.93,1.39,9.4,1.6,3.1,7.1,2.32,
140,J.T. Ginn,26,ATH,AL,0.9,4,7,0.364,5.08,23,16,0,0,0,0,90.1,92,52,51,17,31,1,99,6,0,1,392,85,4.62,1.362,9.2,1.7,3.1,9.9,3.19,
141,Tyler Glasnow,31,LAD,NL,1.9,4,3,0.571,3.19,18,18,0,0,0,0,90.1,56,33,32,10,43,0,106,3,2,5,366,129,3.75,1.096,5.6,1,4.3,10.6,2.47,
142,Bryce Miller,26,SEA,AL,-0.7,4,6,0.4,5.68,18,18,0,0,0,0,90.1,93,57,57,17,34,0,74,3,0,2,392,67,5.17,1.406,9.3,1.7,3.4,7.4,2.18,
143,Emerson Hancock,26,SEA,AL,-0.1,4,5,0.444,4.9,22,16,2,0,0,0,90,93,51,49,15,31,0,64,5,1,2,385,78,5.08,1.378,9.3,1.5,3.1,6.4,2.06,
144,Michael Soroka,27,2TM,NL,0.6,3,8,0.273,4.52,22,17,1,0,0,0,89.2,72,49,45,12,29,0,95,15,1,2,379,92,4.23,1.126,7.2,1.2,2.9,9.5,3.28,
144,Michael Soroka,27,WSN,NL,0.7,3,8,0.273,4.87,16,16,0,0,0,0,81.1,68,44,44,11,24,0,87,14,1,2,343,85,4.16,1.131,7.5,1.2,2.7,9.6,3.63,
144,Michael Soroka,27,CHC,NL,-0.1,0,0,,1.08,6,1,1,0,0,0,8.1,4,5,1,1,5,0,8,1,0,0,36,377,4.94,1.08,4.3,1.1,5.4,8.6,1.6,
145,Luis Ortiz,26,CLE,AL,0.6,4,9,0.308,4.36,16,16,0,0,0,0,88.2,80,44,43,12,42,0,96,1,0,0,382,94,4.18,1.376,8.1,1.2,4.3,9.7,2.29,
146,Kyle Leahy,28,STL,NL,1.5,4,2,0.667,3.07,62,1,12,0,0,1,88,80,32,30,5,28,1,80,1,0,5,363,134,3.04,1.227,8.2,0.5,2.9,8.2,2.86,
147,Tyler Mahle,30,TEX,AL,2.2,6,4,0.6,2.18,16,16,0,0,0,0,86.2,69,21,21,5,29,0,66,0,1,0,346,170,3.37,1.131,7.2,0.5,3,6.9,2.28,
148,Colton Gordon*,26,HOU,AL,-0.4,6,4,0.6,5.34,20,14,2,0,0,1,86,103,54,51,21,19,2,72,2,1,3,379,78,5.37,1.419,10.8,2.2,2,7.5,3.79,
149,Jacob Latz*,29,TEX,AL,1.4,2,0,1,2.84,33,8,5,0,0,1,85.2,69,28,27,7,37,2,76,0,0,2,348,131,3.72,1.237,7.2,0.7,3.9,8,2.05,
150,Max Scherzer,40,TOR,AL,0.3,5,5,0.5,5.19,17,17,0,0,0,0,85,87,49,49,19,23,0,82,2,0,2,358,84,4.99,1.294,9.2,2,2.4,8.7,3.57,
151,Mitch Spence,27,ATH,AL,-0.3,3,6,0.333,5.1,32,8,3,0,0,1,84.2,96,57,48,16,26,2,66,4,0,1,375,85,5.1,1.441,10.2,1.7,2.8,7,2.54,
152,Jimmy Herget,31,COL,NL,3,1,2,0.333,2.48,59,0,9,0,0,0,83.1,72,24,23,6,26,1,81,7,2,2,347,195,3.32,1.176,7.8,0.6,2.8,8.7,3.12,
153,Trevor Williams,33,WSN,NL,-0.5,3,10,0.231,6.21,17,17,0,0,0,0,82.2,106,59,57,11,21,0,65,2,0,1,373,67,4.13,1.536,11.5,1.2,2.3,7.1,3.1,
154,Valente Bellozo,25,MIA,NL,0.2,1,4,0.2,4.65,32,6,12,0,0,0,81.1,85,44,42,15,23,0,54,4,1,0,348,92,5.2,1.328,9.4,1.7,2.5,6,2.35,
155,Logan Evans,24,SEA,AL,-0.1,6,5,0.545,4.32,16,15,0,0,0,0,81.1,82,45,39,13,31,1,59,4,0,5,350,89,5.05,1.389,9.1,1.4,3.4,6.5,1.9,
156,Spencer Bivens,31,SFG,NL,0.3,4,3,0.571,4,54,0,16,0,0,3,81,83,42,36,6,25,1,61,5,0,3,343,100,3.7,1.333,9.2,0.7,2.8,6.8,2.44,
157,Osvaldo Bido,29,ATH,AL,-0.4,2,5,0.286,5.87,26,10,7,0,0,1,79.2,93,56,52,19,35,1,68,6,0,0,363,74,6.07,1.607,10.5,2.1,4,7.7,1.94,
158,Zebby Matthews,25,MIN,AL,0.2,5,6,0.455,5.56,16,16,0,0,0,0,79.1,94,50,49,12,24,0,88,0,0,2,354,76,3.79,1.487,10.7,1.4,2.7,10,3.67,
159,Eduard Bazardo,29,SEA,AL,1.8,5,0,1,2.52,73,0,18,0,0,0,78.2,53,23,22,9,27,2,82,2,0,2,313,152,3.64,1.017,6.1,1,3.1,9.4,3.04,
160,Tyler Holton*,29,DET,AL,0.7,6,5,0.545,3.66,70,6,6,0,0,0,78.2,65,34,32,15,17,1,64,0,0,3,312,113,4.64,1.042,7.4,1.7,1.9,7.3,3.76,
161,Clarke Schmidt,29,NYY,AL,1.8,4,4,0.5,3.32,14,14,0,0,0,0,78.2,56,29,29,9,30,0,73,1,2,2,316,124,3.95,1.093,6.4,1,3.4,8.4,2.43,
162,Ben Casparius,26,LAD,NL,-0.3,7,5,0.583,4.64,46,3,6,0,0,2,77.2,78,41,40,8,21,0,71,3,0,1,333,89,3.57,1.275,9,0.9,2.4,8.2,3.38,
163,Tyler Phillips,27,MIA,NL,1.7,2,1,0.667,2.78,54,1,19,0,0,4,77.2,65,26,24,8,24,0,52,2,0,6,313,154,4.14,1.146,7.5,0.9,2.8,6,2.17,
164,Jason Alexander,32,2TM,AL,0.5,4,2,0.667,4.77,18,13,4,0,0,1,77.1,80,45,41,15,26,0,65,3,0,1,336,88,5.1,1.371,9.3,1.7,3,7.6,2.5,
164,Jason Alexander,32,ATH,AL,-0.6,0,0,,18,4,0,3,0,0,0,6,12,13,12,3,5,0,5,0,0,0,35,25,10.47,2.833,18,4.5,7.5,7.5,1,
164,Jason Alexander,32,HOU,AL,1.1,4,2,0.667,3.66,14,13,1,0,0,1,71.1,68,32,29,12,21,0,60,3,0,1,301,114,4.65,1.248,8.6,1.5,2.6,7.6,2.86,
165,Tyler Rogers,34,2TM,NL,2.4,4,6,0.4,1.98,81,0,13,0,0,0,77.1,66,20,17,4,7,0,48,1,0,0,299,205,2.88,0.944,7.7,0.5,0.8,5.6,6.86,
165,Tyler Rogers,34,SFG,NL,1.8,4,3,0.571,1.8,53,0,9,0,0,0,50,39,11,10,3,4,0,38,0,0,0,188,222,2.64,0.86,7,0.5,0.7,6.8,9.5,
165,Tyler Rogers,34,NYM,NL,0.7,0,3,0,2.3,28,0,4,0,0,0,27.1,27,9,7,1,3,0,10,1,0,0,111,180,3.32,1.098,8.9,0.3,1,3.3,3.33,
166,Carlos Vargas,25,SEA,AL,0,5,5,0.5,3.97,70,0,10,0,0,1,77,81,39,34,10,23,4,54,7,1,5,331,96,4.59,1.351,9.5,1.2,2.7,6.3,2.35,
167,Steven Matz*,34,2TM,2LG,0.9,5,2,0.714,3.05,53,2,4,0,0,2,76.2,73,31,26,8,11,0,59,2,0,3,309,135,3.46,1.096,8.6,0.9,1.3,6.9,5.36,
167,Steven Matz*,34,STL,NL,0.4,5,2,0.714,3.44,32,2,2,0,0,1,55,56,25,21,4,9,0,47,1,0,2,227,120,2.92,1.182,9.2,0.7,1.5,7.7,5.22,
167,Steven Matz*,34,BOS,AL,0.5,0,0,,2.08,21,0,2,0,0,1,21.2,17,6,5,4,2,0,12,1,0,1,82,197,4.84,0.877,7.1,1.7,0.8,5,6,
168,Griffin Canning,29,NYM,NL,1.2,7,3,0.7,3.77,16,16,0,0,0,0,76.1,70,35,32,8,35,0,70,0,0,3,328,109,4.04,1.376,8.3,0.9,4.1,8.3,2,
169,Jack Dreyer*,26,LAD,NL,1.3,3,2,0.6,2.95,67,5,14,0,0,4,76.1,56,26,25,4,24,5,74,0,0,1,307,140,2.82,1.048,6.6,0.5,2.8,8.7,3.08,ROY-9
170,Jose A. Ferrer*,25,WSN,NL,0.1,4,4,0.5,4.48,72,0,18,0,0,11,76.1,81,41,38,5,16,1,71,7,0,6,324,93,3.03,1.271,9.6,0.6,1.9,8.4,4.44,
171,Ryan Bergert,25,2TM,2LG,1.4,2,2,0.5,3.66,19,15,2,0,0,0,76.1,61,32,31,8,35,1,73,1,0,2,323,115,4,1.258,7.2,0.9,4.1,8.6,2.09,
171,Ryan Bergert,25,SDP,NL,1.1,1,0,1,2.78,11,7,2,0,0,0,35.2,24,11,11,4,18,0,34,1,0,1,149,154,4.28,1.178,6.1,1,4.5,8.6,1.89,
171,Ryan Bergert,25,KCR,AL,0.2,1,2,0.333,4.43,8,8,0,0,0,0,40.2,37,21,20,4,17,1,39,0,0,1,174,93,3.75,1.328,8.2,0.9,3.8,8.6,2.29,
172,Edwin Uceta,27,TBR,AL,0.7,10,3,0.769,3.79,70,0,11,0,0,1,76,62,33,32,11,27,3,103,8,3,0,321,110,3.69,1.171,7.3,1.3,3.2,12.2,3.81,
173,Pablo López,29,MIN,AL,2.1,5,4,0.556,2.74,14,14,0,0,0,0,75.2,64,28,23,6,20,0,73,4,2,1,312,155,3.19,1.11,7.6,0.7,2.4,8.7,3.65,
174,Tanner Gordon,27,COL,NL,-0.2,6,8,0.429,6.33,15,15,0,0,0,0,75.1,96,60,53,16,17,0,62,3,1,1,337,76,5.05,1.5,11.5,1.9,2,7.4,3.65,
175,Abner Uribe,25,MIL,NL,2.7,3,2,0.6,1.67,75,0,15,0,0,7,75.1,51,18,14,4,27,2,90,6,1,5,298,251,2.75,1.035,6.1,0.5,3.2,10.8,3.33,
176,Shawn Armstrong,34,TEX,AL,1.5,4,3,0.571,2.31,71,2,22,0,0,9,74,40,21,19,5,20,0,74,6,0,3,284,160,3.07,0.811,4.9,0.6,2.4,9,3.7,
177,Adrián Morejón*,26,SDP,NL,2.3,13,6,0.684,2.08,75,0,9,0,0,3,73.2,49,23,17,2,17,3,70,0,0,2,286,204,2.28,0.896,6,0.2,2.1,8.6,4.12,AS
178,Tony Santillan,28,CIN,NL,2.9,1,5,0.167,2.44,80,0,16,0,0,7,73.2,53,23,20,7,29,0,75,5,0,4,301,184,3.72,1.113,6.5,0.9,3.5,9.2,2.59,
179,Cade Smith,26,CLE,AL,0.8,8,5,0.615,2.93,76,0,30,0,0,16,73.2,55,31,24,4,19,3,104,4,2,3,300,140,1.95,1.005,6.7,0.5,2.3,12.7,5.47,
180,Michael King,30,SDP,NL,1.2,5,3,0.625,3.44,15,15,0,1,1,0,73.1,62,31,28,12,26,0,76,4,0,2,308,123,4.42,1.2,7.6,1.5,3.2,9.3,2.92,
181,Jackson Rutledge,26,WSN,NL,-0.5,4,2,0.667,5.77,63,0,17,0,0,0,73.1,87,49,47,16,24,0,65,7,0,6,330,72,5.47,1.514,10.7,2,2.9,8,2.71,
182,Emmet Sheehan,25,LAD,NL,1.1,6,3,0.667,2.82,15,12,0,0,0,0,73.1,49,29,23,7,22,0,89,2,0,2,291,146,2.93,0.968,6,0.9,2.7,10.9,4.05,
183,Jeremiah Estrada,26,SDP,NL,1.1,4,5,0.444,3.45,77,0,7,0,0,3,73,58,31,28,12,27,2,108,3,0,3,304,123,3.55,1.164,7.2,1.5,3.3,13.3,4,
184,Ronny Henriquez,25,MIA,NL,2.2,7,1,0.875,2.22,69,0,9,0,0,7,73,53,23,18,8,27,2,98,4,2,2,303,193,3.15,1.096,6.5,1,3.3,12.1,3.63,
185,Yariel Rodríguez,28,TOR,AL,1.4,3,2,0.6,3.08,66,1,17,0,0,2,73,50,26,25,8,34,3,66,6,2,2,298,141,4.4,1.151,6.2,1,4.2,8.1,1.94,
186,Cam Schlittler,24,NYY,AL,2.1,4,3,0.571,2.96,14,14,0,0,0,0,73,58,24,24,8,31,0,84,5,0,3,304,139,3.74,1.219,7.2,1,3.8,10.4,2.71,
187,Louis Varland,27,2TM,AL,1.7,4,3,0.571,2.97,74,1,8,0,0,0,72.2,65,27,24,6,22,1,75,2,0,0,296,145,3.14,1.197,8.1,0.7,2.7,9.3,3.41,
187,Louis Varland,27,MIN,AL,1.8,3,3,0.5,2.02,51,0,7,0,0,0,49,41,14,11,3,13,1,47,2,0,0,197,210,2.93,1.102,7.5,0.6,2.4,8.6,3.62,
187,Louis Varland,27,TOR,AL,0,1,0,1,4.94,23,1,1,0,0,0,23.2,24,13,13,3,9,0,28,0,0,0,99,89,3.56,1.394,9.1,1.1,3.4,10.6,3.11,
188,Tyler Kinley,34,2TM,NL,1.3,6,3,0.667,3.96,73,0,20,0,0,3,72.2,53,35,32,6,33,4,73,3,1,6,308,116,3.69,1.183,6.6,0.7,4.1,9,2.21,
188,Tyler Kinley,34,COL,NL,0.1,1,3,0.25,5.66,49,0,15,0,0,3,47.2,42,33,30,5,27,4,51,2,0,5,214,86,4.18,1.448,7.9,0.9,5.1,9.6,1.89,
188,Tyler Kinley,34,ATL,NL,1.2,5,0,1,0.72,24,0,5,0,0,0,25,11,2,2,1,6,0,22,1,1,1,94,572,2.74,0.68,4,0.4,2.2,7.9,3.67,
189,Yu Darvish,38,SDP,NL,-0.1,5,5,0.5,5.38,15,15,0,0,0,0,72,66,44,43,14,19,0,68,6,0,4,296,79,4.82,1.181,8.3,1.8,2.4,8.5,3.58,
190,Cole Sands,27,MIN,AL,0.4,4,6,0.4,4.5,69,3,18,0,0,3,72,65,41,36,7,19,2,64,4,0,3,299,94,3.58,1.167,8.1,0.9,2.4,8,3.37,
191,Garrett Whitlock,29,BOS,AL,2.3,7,3,0.7,2.25,62,0,9,0,0,1,72,54,21,18,2,24,2,91,5,0,3,293,179,2.18,1.083,6.8,0.3,3,11.4,3.79,
192,Steven Okert*,33,HOU,AL,1.5,3,2,0.6,3.01,68,1,7,0,0,1,71.2,45,25,24,6,19,1,84,2,0,0,276,138,2.76,0.893,5.7,0.8,2.4,10.5,4.42,
193,Wandy Peralta*,33,SDP,NL,1,6,1,0.857,3.14,71,1,17,0,0,0,71.2,66,29,25,5,30,3,63,2,1,1,313,135,3.62,1.34,8.3,0.6,3.8,7.9,2.1,
194,Zach Eflin,31,BAL,AL,-0.4,6,5,0.545,5.93,14,14,0,0,0,0,71.1,88,48,47,18,13,0,50,2,0,1,309,68,5.64,1.416,11.1,2.3,1.6,6.3,3.85,
195,Bryan Abreu,28,HOU,AL,2.5,3,4,0.429,2.28,70,0,19,0,0,7,71,51,18,18,4,31,0,105,4,0,4,296,182,2.39,1.155,6.5,0.5,3.9,13.3,3.39,
196,Lake Bachar,30,MIA,NL,0.6,8,2,0.8,3.93,53,1,12,0,0,3,71,55,34,31,10,30,3,75,3,0,5,296,109,4.25,1.197,7,1.3,3.8,9.5,2.5,
197,Hoby Milner*,34,TEX,AL,-0.6,3,4,0.429,3.84,73,0,10,0,0,0,70.1,68,35,30,5,21,3,58,2,0,0,293,97,3.39,1.265,8.7,0.6,2.7,7.4,2.76,
198,Dennis Santana,29,PIT,NL,2.7,4,5,0.444,2.18,70,0,34,0,0,16,70.1,44,18,17,5,17,0,60,3,0,0,270,203,3.21,0.867,5.6,0.6,2.2,7.7,3.53,
199,Jhoan Duran,27,2TM,2LG,3.1,7,6,0.538,2.06,72,0,55,0,0,32,70,58,19,16,3,19,4,80,3,0,3,287,210,2.35,1.1,7.5,0.4,2.4,10.3,4.21,
199,Jhoan Duran,27,MIN,AL,2.2,6,4,0.6,2.01,49,0,36,0,0,16,49.1,40,13,11,1,18,4,53,3,0,2,206,212,2.53,1.176,7.3,0.2,3.3,9.7,2.94,
199,Jhoan Duran,27,PHI,NL,0.9,1,2,0.333,2.18,23,0,19,0,0,16,20.2,18,6,5,2,1,0,27,0,0,1,81,207,1.93,0.919,7.8,0.9,0.4,11.8,27,
200,Grant Anderson,28,MIL,NL,0.3,2,6,0.25,3.23,66,0,19,0,0,0,69.2,59,35,25,8,29,3,74,2,0,0,299,130,3.84,1.263,7.6,1,3.7,9.6,2.55,
201,Braxton Ashcraft,25,PIT,NL,2,4,4,0.5,2.71,26,8,6,0,0,0,69.2,63,22,21,3,24,1,71,2,0,1,292,163,2.78,1.249,8.1,0.4,3.1,9.2,2.96,
202,Brandon Eisert*,27,CHW,AL,0.4,3,8,0.273,4.39,72,3,14,0,0,2,69.2,75,36,34,12,25,6,74,5,1,3,306,96,4.54,1.435,9.7,1.6,3.2,9.6,2.96,
203,Brad Keller,29,CHC,NL,1.5,4,2,0.667,2.07,68,1,12,0,0,3,69.2,45,18,16,4,22,0,75,6,0,1,276,189,2.93,0.962,5.8,0.5,2.8,9.7,3.41,
204,Robert Suarez,34,SDP,NL,2.1,4,6,0.4,2.97,70,0,56,0,0,40,69.2,47,24,23,6,16,2,75,2,0,1,269,143,2.88,0.904,6.1,0.8,2.1,9.7,4.69,AS
205,Reese Olson,25,DET,AL,1.7,4,4,0.5,3.15,13,13,0,0,0,0,68.2,58,24,24,5,25,2,65,5,0,2,285,132,3.5,1.209,7.6,0.7,3.3,8.5,2.6,
206,Emilio Pagán,34,CIN,NL,1.9,2,4,0.333,2.88,70,0,56,0,0,32,68.2,41,26,22,10,22,0,81,2,1,1,270,156,3.72,0.917,5.4,1.3,2.9,10.6,3.68,
207,Will Vest,30,DET,AL,1.6,6,5,0.545,3.01,64,0,40,0,0,23,68.2,61,26,23,4,22,1,75,1,0,4,284,138,2.71,1.209,8,0.5,2.9,9.8,3.41,
208,Bryan Baker,30,2TM,AL,0.4,4,4,0.5,4.06,73,0,12,0,0,3,68.2,59,33,31,13,17,0,83,0,0,2,274,101,3.92,1.107,7.7,1.7,2.2,10.9,4.88,
208,Bryan Baker,30,BAL,AL,0.5,3,2,0.6,3.52,42,0,7,0,0,2,38.1,33,17,15,8,9,0,49,0,0,1,151,115,4,1.096,7.7,1.9,2.1,11.5,5.44,
208,Bryan Baker,30,TBR,AL,-0.1,1,2,0.333,4.75,31,0,5,0,0,1,30.1,26,16,16,5,8,0,34,0,0,1,123,88,3.83,1.121,7.7,1.5,2.4,10.1,4.25,
209,Scott Barlow,32,CIN,NL,0.7,6,3,0.667,4.21,75,1,8,0,0,1,68.1,50,35,32,8,45,3,75,6,0,2,303,107,4.7,1.39,6.6,1.1,5.9,9.9,1.67,
210,Dylan Lee*,30,ATL,NL,1,2,4,0.333,3.29,74,0,6,0,0,2,68.1,53,27,25,13,14,1,76,0,3,3,266,124,4,0.98,7,1.7,1.8,10,5.43,
211,Brendon Little*,28,TOR,AL,1.2,4,2,0.667,3.03,79,0,4,0,0,1,68.1,48,28,23,2,45,4,91,2,1,7,295,144,2.92,1.361,6.3,0.3,5.9,12,2.02,
212,Tylor Megill,29,NYM,NL,0.4,5,5,0.5,3.95,14,14,0,0,0,0,68.1,60,37,30,6,33,0,89,7,0,3,305,104,3.43,1.361,7.9,0.8,4.3,11.7,2.7,
213,Jeff Hoffman,32,TOR,AL,0.5,9,7,0.563,4.37,71,0,59,0,0,33,68,54,34,33,15,27,1,84,4,0,2,287,100,4.9,1.191,7.1,2,3.6,11.1,3.11,
214,Bryan King*,28,HOU,AL,1.6,5,4,0.556,2.78,68,0,11,0,0,2,68,60,21,21,10,11,0,69,4,0,3,275,150,3.68,1.044,7.9,1.3,1.5,9.1,6.27,
215,Daniel Lynch IV*,28,KCR,AL,1.3,6,2,0.75,3.06,57,2,8,0,0,1,67.2,66,24,23,8,26,1,45,6,0,1,289,135,4.76,1.36,8.8,1.1,3.5,6,1.73,
216,Brent Suter*,35,CIN,NL,0.3,1,2,0.333,4.52,48,3,19,0,0,0,67.2,69,38,34,11,18,1,53,2,0,2,291,99,4.57,1.286,9.2,1.5,2.4,7,2.94,
217,Tanner Banks*,33,PHI,NL,1.6,6,2,0.75,3.07,69,1,10,0,0,1,67.1,56,24,23,9,12,1,61,1,0,2,267,145,3.64,1.01,7.5,1.2,1.6,8.2,5.08,
218,Raisel Iglesias,35,ATL,NL,1.3,4,6,0.4,3.21,70,0,57,0,0,29,67.1,51,25,24,8,16,2,73,2,0,0,266,127,3.31,0.995,6.8,1.1,2.1,9.8,4.56,
219,Jordan Hicks,28,2TM,2LG,-1.7,2,7,0.222,6.95,34,9,10,0,0,2,67.1,80,56,52,6,32,1,58,8,0,10,314,58,4.35,1.663,10.7,0.8,4.3,7.8,1.81,
219,Jordan Hicks,28,SFG,NL,-0.7,1,5,0.167,6.47,13,9,2,0,0,0,48.2,55,36,35,3,20,0,43,4,0,4,217,62,3.65,1.541,10.2,0.6,3.7,8,2.15,
219,Jordan Hicks,28,BOS,AL,-1.1,1,2,0.333,8.2,21,0,8,0,0,2,18.2,25,20,17,3,12,1,15,4,0,6,97,50,6.19,1.982,12.1,1.4,5.8,7.2,1.25,
220,Tim Hill*,35,NYY,AL,1.2,4,4,0.5,3.09,70,0,18,0,0,0,67,58,27,23,8,16,3,37,0,0,1,269,133,4.3,1.104,7.8,1.1,2.1,5,2.31,
221,Greg Weissert,30,BOS,AL,1,6,6,0.5,2.82,72,0,11,0,0,4,67,57,27,21,6,21,1,57,3,0,1,278,143,3.67,1.164,7.7,0.8,2.8,7.7,2.71,
222,José Buttó,27,2TM,NL,0.5,5,3,0.625,3.9,55,0,9,0,0,1,67,62,31,29,4,32,2,58,2,1,3,284,105,3.7,1.403,8.3,0.5,4.3,7.8,1.81,
222,José Buttó,27,NYM,NL,0.5,3,2,0.6,3.64,34,0,7,0,0,1,47,43,21,19,2,22,1,41,1,1,3,198,113,3.41,1.383,8.2,0.4,4.2,7.9,1.86,
222,José Buttó,27,SFG,NL,0.1,2,1,0.667,4.5,21,0,2,0,0,0,20,19,10,10,2,10,1,17,1,0,0,86,90,4.39,1.45,8.6,0.9,4.5,7.7,1.7,
223,Aaron Ashby*,27,MIL,NL,1.9,5,2,0.714,2.16,43,1,9,0,0,3,66.2,54,16,16,3,24,0,76,4,0,6,270,195,2.7,1.17,7.3,0.4,3.2,10.3,3.17,
224,Hunter Gaddis,27,CLE,AL,1.1,2,2,0.5,3.11,73,0,8,0,0,3,66.2,58,24,23,8,21,2,73,1,0,2,274,133,3.5,1.185,7.8,1.1,2.8,9.9,3.48,
225,Jakob Junis,32,CLE,AL,0.9,4,1,0.8,2.97,57,0,9,0,0,0,66.2,64,24,22,5,18,2,55,4,0,0,274,139,3.45,1.23,8.6,0.7,2.4,7.4,3.06,
226,Justin Wrobleski*,24,LAD,NL,-0.1,5,5,0.5,4.32,24,2,9,0,0,2,66.2,65,34,32,6,17,1,76,3,0,1,280,95,2.93,1.23,8.8,0.8,2.3,10.3,4.47,
227,Edwin Díaz,31,NYM,NL,3.1,6,3,0.667,1.63,62,0,48,0,0,28,66.1,37,14,12,4,21,0,98,8,0,7,258,253,2.28,0.874,5,0.5,2.8,13.3,4.67,AS
228,Carlos Estévez,32,KCR,AL,2,4,5,0.444,2.45,67,0,57,0,0,42,66,48,22,18,5,22,6,54,4,1,2,269,168,3.67,1.061,6.5,0.7,3,7.4,2.45,AS
229,Jared Koenig*,31,MIL,NL,1.6,6,1,0.857,2.86,72,0,8,0,0,2,66,57,21,21,6,20,1,68,4,0,1,268,147,3.35,1.167,7.8,0.8,2.7,9.3,3.4,
230,Jacob Misiorowski,23,MIL,NL,0.5,5,3,0.625,4.36,15,14,0,0,0,0,66,51,34,32,8,31,0,87,3,0,1,273,96,3.62,1.242,7,1.1,4.2,11.9,2.81,"AS,ROY-11"
231,Jacob Webb,31,TEX,AL,0.3,5,4,0.556,3,55,0,9,0,0,1,66,49,24,22,10,19,2,58,2,0,0,267,124,4.3,1.03,6.7,1.4,2.6,7.9,3.05,
232,Griffin Jax,30,2TM,AL,0.5,1,7,0.125,4.23,73,2,6,0,0,0,66,64,33,31,7,21,3,99,1,0,0,283,100,2.51,1.288,8.7,1,2.9,13.5,4.71,
232,Griffin Jax,30,MIN,AL,0.2,1,5,0.167,4.5,50,0,3,0,0,0,46,46,24,23,4,13,2,72,1,0,0,198,94,2.05,1.283,9,0.8,2.5,14.1,5.54,
232,Griffin Jax,30,TBR,AL,0.3,0,2,0,3.6,23,2,3,0,0,0,20,18,9,8,3,8,1,27,0,0,0,85,117,3.59,1.3,8.1,1.4,3.6,12.2,3.38,
233,Enyel De Los Santos,29,2TM,2LG,0.1,6,3,0.667,4.36,65,0,9,0,0,0,66,61,35,32,7,24,2,62,2,1,2,280,95,3.82,1.288,8.3,1,3.3,8.5,2.58,
233,Enyel De Los Santos,29,ATL,NL,-0.3,3,3,0.5,4.53,43,0,6,0,0,0,43.2,39,25,22,2,18,2,38,2,1,2,189,90,3.36,1.305,8,0.4,3.7,7.8,2.11,
233,Enyel De Los Santos,29,HOU,AL,0.4,3,0,1,4.03,22,0,3,0,0,0,22.1,22,10,10,5,6,0,24,0,0,0,91,104,4.7,1.254,8.9,2,2.4,9.7,4,
234,Hayden Birdsong,23,SFG,NL,-0.4,4,4,0.5,4.8,21,10,2,0,0,0,65.2,61,42,35,10,37,0,68,5,0,6,298,83,4.96,1.492,8.4,1.4,5.1,9.3,1.84,
235,Jason Adam,33,SDP,NL,2.3,8,4,0.667,1.93,65,0,4,0,0,0,65.1,50,18,14,4,25,3,70,3,0,3,270,220,3.07,1.148,6.9,0.6,3.4,9.6,2.8,AS
236,Graham Ashcraft,27,CIN,NL,0.2,8,5,0.615,3.99,62,0,5,0,0,0,65.1,68,37,29,2,25,0,64,0,0,5,284,113,2.72,1.423,9.4,0.3,3.4,8.8,2.56,
237,Camilo Doval,27,2TM,2LG,0.4,4,3,0.571,3.58,69,0,37,0,0,16,65.1,51,34,26,4,35,1,72,3,4,4,278,113,3.47,1.316,7,0.6,4.8,9.9,2.06,
237,Camilo Doval,27,SFG,NL,0.7,4,2,0.667,3.09,47,0,29,0,0,15,46.2,32,20,16,2,24,1,50,2,2,3,191,130,3.22,1.2,6.2,0.4,4.6,9.6,2.08,
237,Camilo Doval,27,NYY,AL,-0.3,0,1,0,4.82,22,0,8,0,0,1,18.2,19,14,10,2,11,0,22,1,2,1,87,87,4.1,1.607,9.2,1,5.3,10.6,2,
238,Caleb Ferguson*,28,2TM,2LG,1,5,4,0.556,3.58,70,0,4,0,0,0,65.1,54,27,26,2,22,3,51,6,0,1,270,118,3.26,1.163,7.4,0.3,3,7,2.32,
238,Caleb Ferguson*,28,PIT,NL,0.8,2,2,0.5,3.74,45,0,2,0,0,0,43.1,33,18,18,1,14,2,34,5,0,0,176,118,3.18,1.085,6.9,0.2,2.9,7.1,2.43,
238,Caleb Ferguson*,28,SEA,AL,0.2,3,2,0.6,3.27,25,0,2,0,0,0,22,21,9,8,1,8,1,17,1,0,1,94,118,3.41,1.318,8.6,0.4,3.3,7,2.13,
239,Kolby Allard*,27,CLE,AL,1.2,2,2,0.5,2.63,33,2,16,0,0,0,65,64,22,19,5,14,3,42,1,0,0,266,157,3.54,1.2,8.9,0.7,1.9,5.8,3,
240,Anthony Banda*,31,LAD,NL,0.9,5,1,0.833,3.18,71,1,15,0,0,0,65,45,23,23,8,34,6,61,2,0,7,268,129,4.52,1.215,6.2,1.1,4.7,8.4,1.79,
241,Justin Sterner,28,ATH,AL,1.8,4,3,0.571,3.18,59,1,8,0,0,0,65,47,24,23,10,21,2,70,7,0,1,266,136,4.27,1.046,6.5,1.4,2.9,9.7,3.33,
242,Hogan Harris*,28,ATH,AL,1.5,2,1,0.667,3.2,48,0,20,0,0,4,64.2,54,26,23,5,33,4,65,1,0,1,277,135,3.71,1.345,7.5,0.7,4.6,9,1.97,
243,Max Meyer,26,MIA,NL,-0.1,3,5,0.375,4.73,12,12,0,0,0,0,64.2,72,39,34,12,20,0,68,2,1,0,285,91,4.46,1.423,10,1.7,2.8,9.5,3.4,
244,Luke Weaver,31,NYY,AL,0.8,4,4,0.5,3.62,64,0,17,0,0,8,64.2,46,28,26,10,20,1,72,1,0,1,262,114,3.89,1.021,6.4,1.4,2.8,10,3.6,
245,Brandon Woodruff,32,MIL,NL,1.2,7,2,0.778,3.2,12,12,0,0,0,0,64.2,45,26,23,9,14,0,83,3,0,1,257,131,3.17,0.912,6.3,1.3,1.9,11.6,5.93,
246,Angel Zerpa*,25,KCR,AL,0.3,5,2,0.714,4.18,69,2,4,0,0,0,64.2,67,30,30,7,22,0,58,2,1,1,275,99,3.86,1.376,9.3,1,3.1,8.1,2.64,
247,Corbin Burnes,30,ARI,NL,1.8,3,2,0.6,2.66,11,11,0,0,0,0,64.1,49,23,19,7,26,1,63,3,2,1,265,161,3.94,1.166,6.9,1,3.6,8.8,2.42,
248,Jordan Leasure,26,CHW,AL,0.7,5,6,0.455,3.92,68,1,17,0,0,7,64.1,49,30,28,12,30,1,81,1,0,3,269,107,4.49,1.228,6.9,1.7,4.2,11.3,2.7,
249,Kumar Rocker,25,TEX,AL,-1,4,5,0.444,5.74,14,14,0,0,0,0,64.1,71,42,41,11,23,0,56,4,0,6,287,65,4.88,1.461,9.9,1.5,3.2,7.8,2.43,
250,Bowden Francis,29,TOR,AL,-0.8,2,8,0.2,6.05,14,14,0,0,0,0,64,71,46,43,19,27,0,54,6,0,3,288,72,6.85,1.531,10,2.7,3.8,7.6,2,
251,Robert Garcia*,29,TEX,AL,0.5,4,8,0.333,2.95,71,0,25,0,0,9,64,58,26,21,8,22,2,68,1,1,1,269,126,3.71,1.25,8.2,1.1,3.1,9.6,3.09,
252,John Schreiber,31,KCR,AL,0.4,3,3,0.5,3.8,74,0,8,0,0,1,64,57,29,27,10,19,1,62,1,0,2,265,108,4.17,1.188,8,1.4,2.7,8.7,3.26,
253,Ryan Yarbrough*,33,NYY,AL,0.7,3,1,0.75,4.36,19,8,4,0,0,1,64,58,31,31,13,19,0,55,2,0,0,264,94,5.04,1.203,8.2,1.8,2.7,7.7,2.89,
254,Reid Detmers*,25,LAA,AL,1.1,5,3,0.625,3.96,61,0,7,0,0,3,63.2,58,29,28,6,25,4,80,2,0,2,266,105,3.12,1.304,8.2,0.8,3.5,11.3,3.2,
255,Keegan Akin*,30,BAL,AL,0.9,5,4,0.556,3.41,64,3,18,0,0,8,63.1,54,28,24,10,33,2,59,1,0,2,268,118,4.94,1.374,7.7,1.4,4.7,8.4,1.79,
256,Yuki Matsui*,29,SDP,NL,0.5,3,1,0.75,3.98,61,0,19,0,0,1,63.1,53,29,28,10,33,2,61,1,0,5,272,107,4.87,1.358,7.5,1.4,4.7,8.7,1.85,
257,Huascar Brazobán,35,NYM,NL,0.7,5,2,0.714,3.57,52,3,6,0,0,2,63,51,29,25,6,27,1,57,4,0,2,262,115,4.04,1.238,7.3,0.9,3.9,8.1,2.11,
258,Brant Hurter*,26,DET,AL,0.7,4,3,0.571,2.43,43,4,5,0,0,2,63,57,26,17,4,27,3,68,11,0,2,277,171,3.61,1.333,8.1,0.6,3.9,9.7,2.52,
259,Tommy Kahnle,35,DET,AL,-0.2,1,5,0.167,4.43,66,0,16,0,0,9,63,51,32,31,8,31,0,50,1,0,3,267,94,4.72,1.302,7.3,1.1,4.4,7.1,1.61,
260,Seranthony Domínguez,30,2TM,AL,0.5,4,4,0.5,3.16,67,0,15,0,0,2,62.2,44,30,22,5,36,2,79,2,0,12,261,132,3.47,1.277,6.3,0.7,5.2,11.3,2.19,
260,Seranthony Domínguez,30,BAL,AL,0.5,2,3,0.4,3.24,43,0,11,0,0,2,41.2,32,19,15,4,24,1,54,0,0,9,175,125,3.52,1.344,6.9,0.9,5.2,11.7,2.25,
260,Seranthony Domínguez,30,TOR,AL,0,2,1,0.667,3,24,0,4,0,0,0,21,12,11,7,1,12,1,25,2,0,3,86,147,3.37,1.143,5.1,0.4,5.1,10.7,2.08,
261,Yoendrys Gómez,25,3TM,2LG,0,3,3,0.5,5.17,21,9,8,0,0,1,62.2,60,40,36,12,27,0,58,4,0,2,277,82,5.26,1.388,8.6,1.7,3.9,8.3,2.15,
261,Yoendrys Gómez,25,2TM,AL,0.3,3,3,0.5,4.47,18,9,6,0,0,0,58.1,50,33,29,10,25,0,52,4,0,2,252,94,5.07,1.286,7.7,1.5,3.9,8,2.08,
261,Yoendrys Gómez,25,NYY,AL,0.2,1,1,0.5,2.7,6,0,3,0,0,0,10,5,4,3,1,9,0,5,0,0,0,44,157,6.14,1.4,4.5,0.9,8.1,4.5,0.56,
261,Yoendrys Gómez,25,LAD,NL,-0.2,0,0,,14.54,3,0,2,0,0,1,4.1,10,7,7,2,2,0,6,0,0,0,25,31,7.75,2.769,20.8,4.2,4.2,12.5,3,
261,Yoendrys Gómez,25,CHW,AL,0.1,2,2,0.5,4.84,12,9,3,0,0,0,48.1,45,29,26,9,16,0,47,4,0,2,208,87,4.85,1.262,8.4,1.7,3,8.8,2.94,
262,David Bednar,30,2TM,2LG,2.3,6,5,0.545,2.3,64,0,51,0,0,27,62.2,46,18,16,4,19,2,86,1,0,4,251,188,2.18,1.037,6.6,0.6,2.7,12.4,4.53,
262,David Bednar,30,PIT,NL,1.4,2,5,0.286,2.37,42,0,34,0,0,17,38,32,12,10,2,10,2,51,1,0,3,154,187,2,1.105,7.6,0.5,2.4,12.1,5.1,
262,David Bednar,30,NYY,AL,0.9,4,0,1,2.19,22,0,17,0,0,10,24.2,14,6,6,2,9,0,35,0,0,1,97,190,2.45,0.932,5.1,0.7,3.3,12.8,3.89,
263,Andrés Muñoz,26,SEA,AL,2.5,3,3,0.5,1.73,64,0,47,0,0,38,62.1,36,18,12,2,28,3,83,4,0,7,254,221,2.43,1.027,5.2,0.3,4,12,2.96,AS
264,Matt Strahm*,33,PHI,NL,2,2,3,0.4,2.74,66,0,19,0,0,6,62.1,47,22,19,5,20,1,70,2,0,3,256,163,2.99,1.075,6.8,0.7,2.9,10.1,3.5,
265,Gabe Speier*,30,SEA,AL,1.4,4,3,0.571,2.61,76,0,4,0,0,0,62,43,19,18,5,11,1,82,5,0,1,243,147,2.31,0.871,6.2,0.7,1.6,11.9,7.45,
266,Devin Williams,30,NYY,AL,-0.3,4,6,0.4,4.79,67,0,29,0,0,18,62,45,37,33,5,25,1,90,4,0,4,259,86,2.68,1.129,6.5,0.7,3.6,13.1,3.6,
267,Brock Burke*,28,LAA,AL,1.3,7,1,0.875,3.36,69,1,14,0,0,0,61.2,58,24,23,8,18,4,52,3,1,0,257,124,4.16,1.232,8.5,1.2,2.6,7.6,2.89,
268,Cole Ragans*,27,KCR,AL,0.2,3,3,0.5,4.67,13,13,0,0,0,0,61.2,53,33,32,7,20,0,98,2,0,3,257,88,2.5,1.184,7.7,1,2.9,14.3,4.9,
269,Mason Miller,26,2TM,2LG,2.3,1,2,0.333,2.63,60,0,37,0,0,22,61.2,28,19,18,5,28,2,104,1,1,3,234,164,2.23,0.908,4.1,0.7,4.1,15.2,3.71,
269,Mason Miller,26,ATH,AL,1,1,2,0.333,3.76,38,0,32,0,0,20,38.1,21,17,16,4,18,2,59,1,1,3,151,116,2.9,1.017,4.9,0.9,4.2,13.9,3.28,
269,Mason Miller,26,SDP,NL,1.4,0,0,,0.77,22,0,5,0,0,2,23.1,7,2,2,1,10,0,45,0,0,0,83,556,1.12,0.729,2.7,0.4,3.9,17.4,4.5,
270,Aroldis Chapman*,37,BOS,AL,3.4,5,3,0.625,1.17,67,0,43,0,0,32,61.1,28,9,8,3,15,0,85,0,0,6,228,344,1.73,0.701,4.1,0.4,2.2,12.5,5.67,"AS,CYA-7,MVP-18"
271,Garrett Cleavinger*,31,TBR,AL,1.9,2,6,0.25,2.35,67,0,9,0,0,2,61.1,40,17,16,9,18,0,82,7,0,1,243,177,3.59,0.946,5.9,1.3,2.6,12,4.56,
272,Lucas Erceg,30,KCR,AL,1.5,8,4,0.667,2.64,61,0,10,0,0,2,61.1,54,19,18,4,18,3,48,4,0,3,249,156,3.49,1.174,7.9,0.6,2.6,7,2.67,
273,Juan Mejia,24,COL,NL,0.6,2,2,0.5,3.96,55,0,16,0,0,1,61.1,52,34,27,6,25,1,68,6,0,2,261,122,3.71,1.255,7.6,0.9,3.7,10,2.72,
274,Blake Snell*,32,LAD,NL,1.4,5,4,0.556,2.35,11,11,0,0,0,0,61.1,51,21,16,3,26,1,72,0,0,7,254,176,2.69,1.255,7.5,0.4,3.8,10.6,2.77,
275,Ryan Walker,29,SFG,NL,0.1,5,7,0.417,4.11,68,0,36,0,0,17,61.1,60,32,28,4,18,2,60,8,2,1,266,97,3.3,1.272,8.8,0.6,2.6,8.8,3.33,
276,Phil Maton,32,2TM,2LG,1.4,4,5,0.444,2.79,63,0,22,0,0,5,61.1,42,21,19,3,23,2,81,7,0,1,248,143,2.6,1.06,6.2,0.4,3.4,11.9,3.52,
276,Phil Maton,32,STL,NL,1.1,1,3,0.25,2.35,40,0,9,0,0,2,38.1,28,12,10,1,15,1,48,5,0,1,158,176,2.54,1.122,6.6,0.2,3.5,11.3,3.2,
276,Phil Maton,32,TEX,AL,0.2,3,2,0.6,3.52,23,0,13,0,0,3,23,14,9,9,2,8,1,33,2,0,0,90,107,2.7,0.957,5.5,0.8,3.1,12.9,4.13,
277,Hunter Dobbins,25,BOS,AL,0.4,4,1,0.8,4.13,13,11,0,0,0,0,61,61,30,28,6,17,1,45,2,0,0,256,98,3.87,1.279,9,0.9,2.5,6.6,2.65,
278,JoJo Romero*,28,STL,NL,1.7,4,6,0.4,2.07,65,0,16,0,0,8,61,47,21,14,2,29,5,55,2,0,2,255,200,3.28,1.246,6.9,0.3,4.3,8.1,1.9,
279,Sean Manaea*,33,NYM,NL,-0.3,2,4,0.333,5.64,15,12,2,0,0,0,60.2,62,38,38,13,12,0,75,7,0,2,263,73,4.39,1.22,9.2,1.9,1.8,11.1,6.25,
280,Pete Fairbanks,31,TBR,AL,1.2,4,5,0.444,2.83,61,0,48,0,0,27,60.1,45,22,19,7,18,0,59,1,0,2,244,147,3.63,1.044,6.7,1,2.7,8.8,3.28,
281,Calvin Faucher,29,MIA,NL,0.8,4,4,0.5,3.28,65,0,29,0,0,15,60.1,53,27,22,8,24,0,59,3,0,2,255,131,4.25,1.276,7.9,1.2,3.6,8.8,2.46,
282,Matt Svanson,26,STL,NL,1.7,4,0,1,1.94,39,0,10,0,0,0,60.1,33,14,13,3,20,0,68,4,0,1,234,213,2.72,0.878,4.9,0.4,3,10.1,3.4,
283,Gregory Soto*,30,2TM,2LG,-0.1,1,5,0.167,4.18,70,0,13,0,0,1,60.1,62,33,28,4,24,1,70,11,0,10,279,98,3.42,1.425,9.2,0.6,3.6,10.4,2.92,
283,Gregory Soto*,30,BAL,AL,0.4,0,2,0,3.96,45,0,10,0,0,1,36.1,29,17,16,2,18,1,44,5,0,7,160,102,3.33,1.294,7.2,0.5,4.5,10.9,2.44,
283,Gregory Soto*,30,NYM,NL,-0.4,1,3,0.25,4.5,25,0,3,0,0,0,24,33,16,12,2,6,0,26,6,0,3,119,92,3.55,1.625,12.4,0.8,2.3,9.8,4.33,
284,Rafael Montero,34,3TM,2LG,-0.2,1,2,0.333,4.48,59,0,23,0,0,0,60.1,42,34,30,5,37,2,58,0,0,0,253,93,4.13,1.309,6.3,0.7,5.5,8.7,1.57,
284,Rafael Montero,34,2TM,AL,0.3,1,1,0.5,3.12,23,0,12,0,0,0,26,15,12,9,2,16,0,24,0,0,0,103,137,4.14,1.192,5.2,0.7,5.5,8.3,1.5,
284,Rafael Montero,34,HOU,AL,0,0,0,,4.5,3,0,2,0,0,0,4,3,2,2,0,2,0,5,0,0,0,16,100,2.14,1.25,6.8,0,4.5,11.3,2.5,
284,Rafael Montero,34,ATL,NL,-0.4,0,1,0,5.5,36,0,11,0,0,0,34.1,27,22,21,3,21,2,34,0,0,0,150,74,4.13,1.398,7.1,0.8,5.5,8.9,1.62,
284,Rafael Montero,34,DET,AL,0.2,1,1,0.5,2.86,20,0,10,0,0,0,22,12,10,7,2,14,0,19,0,0,0,87,147,4.5,1.182,4.9,0.8,5.7,7.8,1.36,
285,Brenan Hanifee,27,DET,AL,0,3,3,0.5,3,54,0,11,0,0,0,60,65,31,20,3,14,2,40,2,0,2,260,139,3.25,1.317,9.8,0.5,2.1,6,2.86,
286,Orion Kerkering,24,PHI,NL,0.9,8,4,0.667,3.3,69,0,12,0,0,4,60,55,28,22,6,27,3,65,4,0,5,266,135,3.82,1.367,8.3,0.9,4.1,9.8,2.41,
287,Justin Topa,34,MIN,AL,0.4,1,5,0.167,3.9,54,1,17,0,0,4,60,68,32,26,2,18,3,49,4,0,0,268,109,3.04,1.433,10.2,0.3,2.7,7.4,2.72,
288,Alex Vesia*,29,LAD,NL,1.1,4,2,0.667,3.02,68,0,11,0,0,5,59.2,37,21,20,9,22,3,80,5,0,3,237,137,3.77,0.989,5.6,1.4,3.3,12.1,3.64,
289,Kenley Jansen,37,LAA,AL,2.2,5,4,0.556,2.59,62,0,47,0,0,29,59,37,18,17,8,19,2,57,1,3,0,234,160,3.98,0.949,5.6,1.2,2.9,8.7,3,
290,Pierce Johnson,34,ATL,NL,1.1,3,3,0.5,3.05,65,0,13,0,0,1,59,52,21,20,8,19,2,59,1,0,2,238,134,3.91,1.203,7.9,1.2,2.9,9,3.11,
291,Bradley Blalock,24,COL,NL,-1.6,2,6,0.25,9.36,14,12,2,0,0,0,58.2,85,61,61,17,23,1,27,3,0,2,275,52,7.31,1.841,13,2.6,3.5,4.1,1.17,
292,Angel Chivilli,22,COL,NL,-0.7,1,5,0.167,7.06,43,0,7,0,0,0,58.2,76,49,46,13,23,1,43,6,0,4,275,69,6.03,1.688,11.7,2,3.5,6.6,1.87,
293,Yennier Cano,31,BAL,AL,-0.4,3,7,0.3,5.12,65,0,11,0,0,2,58,62,36,33,7,24,1,53,3,1,2,251,79,4.27,1.483,9.6,1.1,3.7,8.2,2.21,
294,Tyler Ferguson,31,ATH,AL,0.4,4,2,0.667,4.66,56,0,10,0,0,2,58,43,32,30,4,34,2,54,4,0,1,246,93,4.14,1.328,6.7,0.6,5.3,8.4,1.59,
295,Caleb Thielbar*,38,CHC,NL,1.1,3,4,0.429,2.64,67,0,4,0,0,1,58,38,17,17,5,13,1,56,0,0,0,220,148,3,0.879,5.9,0.8,2,8.7,4.31,
296,Austin Gomber*,31,COL,NL,-0.7,0,7,0,7.49,12,12,0,0,0,0,57.2,82,51,48,16,17,0,34,1,0,4,272,65,6.5,1.717,12.8,2.5,2.7,5.3,2,
297,Brandon Young,26,BAL,AL,-0.7,1,7,0.125,6.24,12,12,0,0,0,0,57.2,67,42,40,12,22,0,47,0,0,0,256,65,5.35,1.543,10.5,1.9,3.4,7.3,2.14,
298,Jalen Beeks*,31,ARI,NL,0.8,5,3,0.625,3.77,61,2,10,0,0,1,57.1,42,26,24,6,20,2,47,2,0,1,231,114,4.01,1.081,6.6,0.9,3.1,7.4,2.35,
299,Luis Gil,27,NYY,AL,1.1,4,1,0.8,3.32,11,11,0,0,0,0,57,47,23,21,5,33,0,41,1,2,4,244,124,4.63,1.404,7.4,0.8,5.2,6.5,1.24,
300,Tanner Scott*,30,LAD,NL,-0.6,1,4,0.2,4.74,61,0,33,0,0,23,57,54,33,30,11,18,2,60,4,0,2,238,87,4.7,1.263,8.5,1.7,2.8,9.5,3.33,
301,Ian Seymour*,26,TBR,AL,-0.1,4,3,0.571,3.63,19,5,7,0,0,0,57,48,33,23,5,19,1,64,3,0,0,242,115,3.19,1.175,7.6,0.8,3,10.1,3.37,
302,Ryan Zeferjahn,27,LAA,AL,0.5,6,5,0.545,4.74,62,1,7,0,0,2,57,49,31,30,12,35,3,73,4,0,3,257,88,5.36,1.474,7.7,1.9,5.5,11.5,2.09,
303,Kyle Finnegan,33,2TM,2LG,1.1,4,4,0.5,3.47,56,0,38,0,0,24,57,45,24,22,4,18,2,55,1,0,6,229,121,3.12,1.105,7.1,0.6,2.8,8.7,3.06,
303,Kyle Finnegan,33,WSN,NL,0.3,1,4,0.2,4.38,40,0,34,0,0,20,39,36,21,19,3,14,2,32,1,0,5,163,95,3.65,1.282,8.3,0.7,3.2,7.4,2.29,
303,Kyle Finnegan,33,DET,AL,0.8,3,0,1,1.5,16,0,4,0,0,4,18,9,3,3,1,4,0,23,0,0,1,66,281,1.97,0.722,4.5,0.5,2,11.5,5.75,
304,Tristan Beck,29,SFG,NL,0.1,1,0,1,4.61,31,1,9,0,0,2,56.2,47,29,29,7,16,0,41,2,0,3,232,87,4.25,1.112,7.5,1.1,2.5,6.5,2.56,
305,Nick Mears,28,MIL,NL,0.5,5,3,0.625,3.49,63,0,4,0,0,1,56.2,42,25,22,7,13,1,46,1,0,2,221,120,3.86,0.971,6.7,1.1,2.1,7.3,3.54,
306,Hurston Waldrep,23,ATL,NL,1.4,6,1,0.857,2.88,10,9,0,0,0,0,56.1,45,18,18,3,22,1,55,3,0,0,229,142,3.21,1.189,7.2,0.5,3.5,8.8,2.5,
307,Martín Pérez*,34,CHW,AL,1.3,1,6,0.143,3.54,11,10,0,0,0,0,56,40,23,22,6,22,0,44,2,0,0,228,119,4.24,1.107,6.4,1,3.5,7.1,2,
308,Ryne Stanek,33,NYM,NL,-0.9,4,6,0.4,5.3,65,0,17,0,0,3,56,56,39,33,7,32,0,58,0,0,5,255,78,4.4,1.571,9,1.1,5.1,9.3,1.81,
309,Ryan Helsley,30,2TM,NL,0.1,3,4,0.429,4.5,58,0,36,0,0,21,56,61,32,28,8,25,3,63,1,0,7,252,92,4.14,1.536,9.8,1.3,4,10.1,2.52,
309,Ryan Helsley,30,STL,NL,1,3,1,0.75,3,36,0,29,0,0,21,36,36,12,12,4,14,2,41,1,0,4,157,138,3.55,1.389,9,1,3.5,10.3,2.93,
309,Ryan Helsley,30,NYM,NL,-0.9,0,3,0,7.2,22,0,7,0,0,0,20,25,20,16,4,11,1,22,0,0,3,95,58,5.19,1.8,11.3,1.8,5,9.9,2,
310,Taylor Clarke,32,KCR,AL,1,1,1,0.5,3.25,51,0,15,0,0,1,55.1,38,20,20,8,9,0,44,1,0,5,206,127,3.97,0.849,6.2,1.3,1.5,7.2,4.89,
311,Reed Garrett,32,NYM,NL,0.5,3,6,0.333,3.9,58,1,8,0,0,3,55.1,47,27,24,5,26,2,64,1,0,3,238,106,3.46,1.319,7.6,0.8,4.2,10.4,2.46,
312,Lance McCullers Jr.,31,HOU,AL,-1.2,2,5,0.286,6.51,16,13,2,0,0,0,55.1,61,45,40,10,39,0,61,7,0,1,274,64,5.77,1.807,9.9,1.6,6.3,9.9,1.56,
313,Steven Wilson,30,CHW,AL,1.2,2,2,0.5,3.42,59,0,23,0,0,2,55.1,50,21,21,7,22,2,51,3,0,2,241,123,4.29,1.301,8.1,1.1,3.6,8.3,2.32,
314,Jake Bird,29,2TM,2LG,-0.1,4,2,0.667,5.53,48,0,6,0,0,0,55.1,60,37,34,7,25,4,66,3,0,4,248,88,3.91,1.536,9.8,1.1,4.1,10.7,2.64,
314,Jake Bird,29,COL,NL,0.5,4,1,0.8,4.73,45,0,5,0,0,0,53.1,56,30,28,5,23,3,62,3,0,4,236,102,3.49,1.481,9.5,0.8,3.9,10.5,2.7,
314,Jake Bird,29,NYY,AL,-0.5,0,1,0,27,3,0,1,0,0,0,2,4,7,6,2,2,1,4,0,0,0,12,18,15.14,3,18,9,9,18,2,
315,Luis García,38,3TM,2LG,0.8,2,2,0.5,3.42,58,0,15,0,0,2,55.1,55,23,21,2,26,5,48,0,0,9,233,123,3.28,1.464,8.9,0.3,4.2,7.8,1.85,
315,Luis García,38,2TM,NL,0.2,2,0,1,4.1,38,0,13,0,0,0,37.1,39,18,17,2,18,4,31,0,0,7,159,102,3.62,1.527,9.4,0.5,4.3,7.5,1.72,
315,Luis García,38,LAD,NL,-0.2,2,0,1,5.27,28,0,12,0,0,0,27.1,34,17,16,1,16,4,24,0,0,6,126,79,3.61,1.829,11.2,0.3,5.3,7.9,1.5,
315,Luis García,38,WSN,NL,0.5,0,0,,0.9,10,0,1,0,0,0,10,5,1,1,1,2,0,7,0,0,1,33,477,3.64,0.7,4.5,0.9,1.8,6.3,3.5,
315,Luis García,38,LAA,AL,0.6,0,2,0,2,20,0,2,0,0,2,18,16,5,4,0,8,1,17,0,0,2,74,211,2.58,1.333,8,0,4,8.5,2.13,
316,José Ureña,33,5TM,2LG,0.4,0,1,0,4.58,19,6,8,0,0,1,55,57,29,28,8,23,1,34,3,0,2,245,95,5.21,1.455,9.3,1.3,3.8,5.6,1.48,
316,José Ureña,33,3TM,AL,0.5,0,1,0,4.04,16,6,7,0,0,0,49,46,23,22,6,21,0,29,3,0,1,215,107,5.01,1.367,8.4,1.1,3.9,5.3,1.38,
316,José Ureña,33,2TM,NL,-0.1,0,0,,9,3,0,1,0,0,1,6,11,6,6,2,2,1,5,0,0,1,30,51,6.8,2.167,16.5,3,3,7.5,2.5,
316,José Ureña,33,NYM,NL,-0.1,0,0,,15,1,0,1,0,0,1,3,7,5,5,2,1,0,3,0,0,0,17,31,10.8,2.667,21,6,3,9,3,
316,José Ureña,33,TOR,AL,0.1,0,0,,3.65,6,2,4,0,0,0,12.1,12,5,5,3,3,0,5,0,0,0,52,122,6.22,1.216,8.8,2.2,2.2,3.6,1.67,
316,José Ureña,33,LAD,NL,0.1,0,0,,3,2,0,0,0,0,0,3,4,1,1,0,1,1,2,0,0,1,13,154,2.8,1.667,12,0,3,6,2,
316,José Ureña,33,MIN,AL,0.2,0,1,0,4.58,4,3,0,0,0,0,17.2,17,9,9,1,8,0,10,2,0,1,78,94,4.44,1.415,8.7,0.5,4.1,5.1,1.25,
316,José Ureña,33,LAA,AL,0.2,0,0,,3.79,6,1,3,0,0,0,19,17,9,8,2,10,0,14,1,0,0,85,111,4.77,1.421,8.1,0.9,4.7,6.6,1.4,
317,Jorge Alcala,29,3TM,2LG,-1.1,0,2,0,6.22,56,0,20,0,0,0,55,66,44,38,13,30,1,61,1,2,6,257,68,5.68,1.745,10.8,2.1,4.9,10,2.03,
317,Jorge Alcala,29,2TM,AL,-1,0,2,0,6.64,41,0,15,0,0,0,40.2,48,36,30,9,23,0,46,1,1,6,190,63,5.52,1.746,10.6,2,5.1,10.2,2,
317,Jorge Alcala,29,MIN,AL,-0.8,0,2,0,8.88,22,0,8,0,0,0,24.1,29,25,24,5,15,0,28,1,0,3,114,48,5.48,1.808,10.7,1.8,5.5,10.4,1.87,
317,Jorge Alcala,29,BOS,AL,-0.2,0,0,,3.31,19,0,7,0,0,0,16.1,19,11,6,4,8,0,18,0,1,3,76,124,5.58,1.653,10.5,2.2,4.4,9.9,2.25,
317,Jorge Alcala,29,STL,NL,0,0,0,,5.02,15,0,5,0,0,0,14.1,18,8,8,4,7,1,15,0,1,0,67,84,6.14,1.744,11.3,2.5,4.4,9.4,2.14,
318,Matt Festa,32,CLE,AL,-0.2,5,4,0.556,4.12,63,0,5,0,0,0,54.2,44,29,25,4,15,2,56,5,1,1,226,100,3.14,1.079,7.2,0.7,2.5,9.2,3.73,
319,Cade Gibson*,27,MIA,NL,1.3,4,5,0.444,2.63,44,1,10,0,0,0,54.2,44,18,16,3,21,3,43,6,0,6,230,163,3.76,1.189,7.2,0.5,3.5,7.1,2.05,
320,Aaron Bummer*,31,ATL,NL,0.1,3,2,0.6,3.81,42,2,5,0,0,0,54.1,51,27,23,3,17,4,51,11,0,1,235,107,3.52,1.252,8.4,0.5,2.8,8.4,3,
321,Brandon Walter*,28,HOU,AL,1.3,1,3,0.25,3.35,9,9,0,0,0,0,53.2,46,20,20,10,4,0,52,3,0,0,212,124,4.01,0.932,7.7,1.7,0.7,8.7,13,
322,David Festa,25,MIN,AL,0.2,3,4,0.429,5.4,11,10,0,0,0,0,53.1,49,35,32,10,19,0,53,4,0,1,229,79,4.88,1.275,8.3,1.7,3.2,8.9,2.79,
323,Andrew Kittredge,35,2TM,2LG,0.6,4,3,0.571,3.4,54,0,17,0,0,5,53,41,22,20,7,11,1,64,0,0,1,208,118,3.06,0.981,7,1.2,1.9,10.9,5.82,
323,Andrew Kittredge,35,BAL,AL,0.5,2,2,0.5,3.45,31,0,9,0,0,0,31.1,26,13,12,4,8,1,32,0,0,1,126,118,3.52,1.085,7.5,1.1,2.3,9.2,4,
323,Andrew Kittredge,35,CHC,NL,0.1,2,1,0.667,3.32,23,0,8,0,0,5,21.2,15,9,8,3,3,0,32,0,0,0,82,119,2.4,0.831,6.2,1.2,1.2,13.3,10.67,
324,Mason Fluharty*,23,TOR,AL,0.2,5,2,0.714,4.44,55,0,7,0,0,1,52.2,36,28,26,6,24,4,56,2,0,1,215,98,3.97,1.139,6.2,1,4.1,9.6,2.33,
325,Josh Hader*,31,HOU,AL,2.2,6,2,0.75,2.05,48,0,41,0,0,28,52.2,29,16,12,8,16,1,76,2,0,2,206,203,3.25,0.854,5,1.4,2.7,13,4.75,AS
326,Cole Henry,25,WSN,NL,0.3,1,2,0.333,4.27,57,0,13,0,0,2,52.2,43,27,25,7,32,1,52,11,1,2,241,98,5.34,1.424,7.3,1.2,5.5,8.9,1.63,
327,Daniel Palencia,25,CHC,NL,0.6,1,6,0.143,2.91,54,0,38,0,0,22,52.2,44,19,17,5,16,1,61,2,0,2,215,135,3.08,1.139,7.5,0.9,2.7,10.4,3.81,
328,Joe Boyle,25,TBR,AL,-0.2,1,4,0.2,4.67,13,9,0,0,0,0,52,43,33,27,6,28,1,58,3,0,2,226,89,4.19,1.365,7.4,1,4.8,10,2.07,
329,Brennan Bernardino*,33,BOS,AL,0.3,4,3,0.571,3.14,55,3,12,0,0,1,51.2,39,23,18,1,26,5,43,3,0,3,224,129,3.41,1.258,6.8,0.2,4.5,7.5,1.65,
330,Tyler Gilbert*,31,CHW,AL,0.5,4,2,0.667,3.88,46,5,7,0,0,1,51,40,24,22,5,24,3,49,2,0,2,215,108,4.02,1.255,7.1,0.9,4.2,8.6,2.04,
331,Joe Ross,32,PHI,NL,0.1,2,1,0.667,5.12,37,1,9,0,0,0,51,57,30,29,8,18,1,39,3,0,0,228,87,4.88,1.471,10.1,1.4,3.2,6.9,2.17,
332,Luke Jackson,33,3TM,AL,-0.5,2,5,0.286,4.06,52,0,28,0,0,9,51,41,30,23,4,28,5,38,3,0,0,219,95,4.49,1.353,7.2,0.7,4.9,6.7,1.36,
332,Luke Jackson,33,TEX,AL,-0.6,2,5,0.286,4.11,39,0,21,0,0,9,35,32,20,16,4,19,4,24,2,0,0,152,91,5.05,1.457,8.2,1,4.9,6.2,1.26,
332,Luke Jackson,33,DET,AL,-0.1,0,0,,7.71,3,0,2,0,0,0,4.2,3,4,4,0,5,0,4,0,0,0,22,58,4.64,1.714,5.8,0,9.6,7.7,0.8,
332,Luke Jackson,33,SEA,AL,0.1,0,0,,2.38,10,0,5,0,0,0,11.1,6,6,3,0,4,1,10,1,0,0,45,166,2.69,0.882,4.8,0,3.2,7.9,2.5,
333,Tobias Myers,26,MIL,NL,0.6,1,2,0.333,3.55,22,6,8,0,0,0,50.2,54,21,20,5,15,0,38,2,1,0,220,119,3.92,1.362,9.6,0.9,2.7,6.8,2.53,
334,Randy Rodríguez,25,SFG,NL,2,3,5,0.375,1.78,50,0,15,0,0,4,50.2,34,12,10,4,11,0,67,4,0,2,198,225,2.4,0.888,6,0.7,2,11.9,6.09,AS
335,Bennett Sousa*,30,HOU,AL,1.3,5,1,0.833,2.84,44,0,13,0,0,4,50.2,37,18,16,4,15,0,59,0,0,4,199,147,2.72,1.026,6.6,0.7,2.7,10.5,3.93,
336,Victor Vodnik,25,COL,NL,1.8,4,3,0.571,3.02,52,0,31,0,0,10,50.2,45,19,17,4,26,2,49,0,0,4,215,160,3.77,1.401,8,0.7,4.6,8.7,1.88,
337,Taylor Rogers*,34,2TM,NL,0.3,3,2,0.6,3.38,57,0,8,0,0,0,50.2,47,25,19,7,23,2,53,3,0,0,221,128,4.38,1.382,8.3,1.2,4.1,9.4,2.3,
337,Taylor Rogers*,34,CIN,NL,0.5,2,2,0.5,2.45,40,0,4,0,0,0,33,29,15,9,3,19,2,34,2,0,0,146,184,4.17,1.455,7.9,0.8,5.2,9.3,1.79,
337,Taylor Rogers*,34,CHC,NL,-0.2,1,0,1,5.09,17,0,4,0,0,0,17.2,18,10,10,4,4,0,19,1,0,0,75,78,4.78,1.245,9.2,2,2,9.7,4.75,
338,Anthony Bender,30,MIA,NL,1.8,3,5,0.375,2.16,51,0,12,0,0,4,50,32,13,12,3,21,2,42,2,0,1,204,199,3.62,1.06,5.8,0.5,3.8,7.6,2,
339,Braydon Fisher,24,TOR,AL,1.4,7,0,1,2.7,52,1,12,0,0,0,50,32,15,15,4,19,1,62,3,0,0,202,162,3.02,1.02,5.8,0.7,3.4,11.2,3.26,ROY-10
340,Casey Legumina,28,SEA,AL,-0.9,4,6,0.4,5.62,48,1,17,0,0,0,49.2,47,36,31,7,25,2,55,2,0,1,219,68,4.38,1.45,8.5,1.3,4.5,10,2.2,
341,Drew Pomeranz*,36,CHC,NL,1,2,2,0.5,2.17,57,4,11,0,0,1,49.2,38,14,12,5,15,1,57,5,0,1,203,180,3.36,1.067,6.9,0.9,2.7,10.3,3.8,
342,Jackson Jobe,22,DET,AL,0.4,4,1,0.8,4.22,10,10,0,0,0,0,49,46,24,23,7,27,0,39,2,0,1,218,99,5.18,1.49,8.4,1.3,5,7.2,1.44,
343,Cade Cavalli,26,WSN,NL,0.3,3,1,0.75,4.25,10,10,0,0,0,0,48.2,57,28,23,7,15,0,40,4,0,3,219,98,4.53,1.479,10.5,1.3,2.8,7.4,2.67,
344,Luis Morales,22,ATH,AL,1.5,4,3,0.571,3.14,10,9,0,0,0,0,48.2,38,18,17,8,18,0,43,1,0,2,199,138,4.68,1.151,7,1.5,3.3,8,2.39,ROY-13
345,Ronel Blanco,31,HOU,AL,0.6,3,4,0.429,4.1,9,9,0,0,0,0,48.1,37,22,22,7,20,0,48,0,0,0,199,102,4.27,1.179,6.9,1.3,3.7,8.9,2.4,
346,John King*,30,STL,NL,-0.3,2,1,0.667,4.66,51,0,15,0,0,0,48.1,65,30,25,8,14,0,28,0,0,3,222,89,5,1.634,12.1,1.5,2.6,5.2,2,
347,Mark Leiter Jr.,34,NYY,AL,-0.6,6,7,0.462,4.84,59,0,11,0,0,2,48.1,57,31,26,5,17,0,54,4,0,8,219,85,3.55,1.531,10.6,0.9,3.2,10.1,3.18,
348,Justin Wilson*,37,BOS,AL,0.3,4,1,0.8,3.35,61,0,3,0,0,0,48.1,48,22,18,3,20,3,57,2,0,3,207,121,2.95,1.407,8.9,0.6,3.7,10.6,2.85,
349,Fernando Cruz,35,NYY,AL,0.4,3,4,0.429,3.56,49,0,4,0,0,2,48,33,21,19,5,24,0,72,3,0,5,200,116,3.18,1.188,6.2,0.9,4.5,13.5,3,
350,Nolan McLean,23,NYM,NL,1.8,5,1,0.833,2.06,8,8,0,0,0,0,48,34,13,11,4,16,0,57,2,0,2,188,200,2.97,1.042,6.4,0.8,3,10.7,3.56,ROY-11
351,Riley O'Brien,30,STL,NL,1.5,3,1,0.75,2.06,42,0,15,0,0,6,48,33,13,11,2,22,2,45,7,0,3,199,200,3.61,1.146,6.2,0.4,4.1,8.4,2.05,
352,Isaac Mattson,29,PIT,NL,1.5,3,3,0.5,2.45,44,0,12,0,0,0,47.2,35,14,13,4,19,2,45,2,0,0,198,180,3.66,1.133,6.6,0.8,3.6,8.5,2.37,
353,Lou Trivino,33,3TM,NL,0.2,3,2,0.6,3.97,47,2,13,0,0,0,47.2,46,23,21,6,18,1,37,6,1,2,207,107,4.73,1.343,8.7,1.1,3.4,7,2.06,
353,Lou Trivino,33,SFG,NL,-0.1,1,0,1,5.84,11,0,5,0,0,0,12.1,11,8,8,4,5,0,11,1,0,0,54,70,7.03,1.297,8,2.9,3.6,8,2.2,
353,Lou Trivino,33,LAD,NL,0.1,2,1,0.667,3.76,26,2,1,0,0,0,26.1,29,12,11,2,8,1,18,4,1,1,115,111,4.12,1.405,9.9,0.7,2.7,6.2,2.25,
353,Lou Trivino,33,PHI,NL,0.3,0,1,0,2,10,0,7,0,0,0,9,6,3,2,0,5,0,8,1,0,1,38,230,3.36,1.222,6,0,5,8,1.6,
354,Matt Brash,27,SEA,AL,1.1,1,3,0.25,2.47,53,0,8,0,0,4,47.1,41,15,13,4,18,2,58,2,0,0,199,155,3.05,1.246,7.8,0.8,3.4,11,3.22,
355,Emmanuel Clase,27,CLE,AL,0.7,5,3,0.625,3.23,48,0,41,0,0,24,47.1,46,20,17,2,12,2,47,4,0,4,201,128,2.71,1.225,8.7,0.4,2.3,8.9,3.92,
356,David Morgan,25,SDP,NL,1.1,1,2,0.333,2.66,41,2,15,0,0,0,47.1,35,14,14,4,23,1,50,2,0,2,193,160,3.71,1.225,6.7,0.8,4.4,9.5,2.17,
357,Bryse Wilson,27,CHW,AL,-0.7,0,2,0,6.65,20,5,8,0,0,0,47.1,67,37,35,11,19,0,28,2,0,0,224,63,6.3,1.817,12.7,2.1,3.6,5.3,1.47,
358,Connor Brogdon,30,LAA,AL,-0.3,3,2,0.6,5.55,43,0,11,0,0,0,47,45,31,29,11,18,4,49,0,0,2,199,75,5.24,1.34,8.6,2.1,3.4,9.4,2.72,
359,Trevor Megill,31,MIL,NL,1.6,6,3,0.667,2.49,50,0,44,0,0,30,47,36,16,13,3,17,3,60,0,0,2,192,169,2.5,1.128,6.9,0.6,3.3,11.5,3.53,AS
360,Shohei Ohtani,30,LAD,NL,1.1,1,1,0.5,2.87,14,14,0,0,0,0,47,40,15,15,3,9,0,62,0,0,10,188,144,1.9,1.043,7.7,0.6,1.7,11.9,6.89,"AS,MVP-1,SS"
361,Dietrich Enns*,34,2TM,AL,0.4,3,3,0.5,4.08,24,3,5,0,0,2,46.1,50,25,21,6,15,4,49,0,0,1,200,101,3.67,1.403,9.7,1.2,2.9,9.5,3.27,
361,Dietrich Enns*,34,DET,AL,-0.2,1,1,0.5,5.6,7,2,2,0,0,0,17.2,23,12,11,2,4,0,15,0,0,0,77,75,3.59,1.528,11.7,1,2,7.6,3.75,
361,Dietrich Enns*,34,BAL,AL,0.6,2,2,0.5,3.14,17,1,3,0,0,2,28.2,27,13,10,4,11,4,34,0,0,1,123,130,3.73,1.326,8.5,1.3,3.5,10.7,3.09,
362,Mason Montgomery*,25,TBR,AL,-0.9,1,3,0.25,5.67,57,0,11,0,0,1,46,49,32,29,6,27,0,63,1,0,1,209,73,3.92,1.652,9.6,1.2,5.3,12.3,2.33,
363,Kaleb Ort,33,HOU,AL,-0.2,2,2,0.5,4.89,49,0,17,0,0,1,46,35,26,25,8,27,1,49,0,0,2,194,85,5.03,1.348,6.8,1.6,5.3,9.6,1.81,
364,Shelby Miller,34,2TM,NL,1.4,4,3,0.571,2.74,48,0,23,0,0,10,46,33,17,14,5,15,4,54,4,0,1,186,157,3.44,1.043,6.5,1,2.9,10.6,3.6,
364,Shelby Miller,34,ARI,NL,1.5,3,3,0.5,1.98,37,0,21,0,0,10,36.1,24,11,8,3,11,3,40,3,0,0,143,217,3.16,0.963,5.9,0.7,2.7,9.9,3.64,
364,Shelby Miller,34,MIL,NL,-0.1,1,0,1,5.59,11,0,2,0,0,0,9.2,9,6,6,2,4,1,14,1,0,1,43,78,4.48,1.345,8.4,1.9,3.7,13,3.5,
365,Steven Cruz,26,KCR,AL,0.4,3,1,0.75,3.74,47,0,9,0,0,0,45.2,36,20,19,5,18,1,38,1,0,1,189,110,4.14,1.182,7.1,1,3.5,7.5,2.11,
366,Troy Melton,24,DET,AL,1,3,2,0.6,2.76,16,4,0,0,0,0,45.2,31,15,14,7,15,0,36,1,0,2,180,151,4.6,1.007,6.1,1.4,3,7.1,2.4,
367,Carlos Carrasco,38,2TM,2LG,-0.8,2,2,0.5,7.09,11,9,2,0,0,0,45.2,61,36,36,10,17,0,34,0,0,1,212,58,5.61,1.708,12,2,3.4,6.7,2,
367,Carlos Carrasco,38,NYY,AL,-0.2,2,2,0.5,5.91,8,6,2,0,0,0,32,39,21,21,7,10,0,25,0,0,0,142,70,5.35,1.531,11,2,2.8,7,2.5,
367,Carlos Carrasco,38,ATL,NL,-0.6,0,0,,9.88,3,3,0,0,0,0,13.2,22,15,15,3,7,0,9,0,0,1,70,42,6.21,2.122,14.5,2,4.6,5.9,1.29,
368,Richard Fitts,25,BOS,AL,-0.3,2,4,0.333,5,11,10,0,0,0,0,45,43,27,25,11,16,0,40,3,1,1,195,81,5.8,1.311,8.6,2.2,3.2,8,2.5,
369,Chase Shugart,28,PIT,NL,0.8,4,3,0.571,3.4,35,0,11,0,0,0,45,33,18,17,6,17,2,31,1,0,3,181,130,4.69,1.111,6.6,1.2,3.4,6.2,1.82,
370,Mason Englert,25,TBR,AL,0.3,0,1,0,3.83,29,0,9,0,0,0,44.2,43,20,19,4,11,0,44,1,0,2,185,109,3.14,1.209,8.7,0.8,2.2,8.9,4,
