Rk,Player,Age,Team,Lg,WAR,G,PA,AB,R,H,2B,3B,HR,RBI,SB,CS,BB,SO,BA,OBP,SLG,OPS,OPS+,rOBA,Rbat+,TB,GIDP,HBP,SH,SF,IBB,Pos,Awards
1,Francisco Lindor#,31,NYM,NL,5.8,160,732,644,117,172,35,0,31,86,31,6,65,131,0.267,0.346,0.466,0.811,128,0.359,127,300,9,16,0,7,2,*6/DH,"AS,MVP-10"
2,Rafael Devers*,28,2TM,2LG,4.3,163,729,607,99,153,33,0,35,109,1,1,112,192,0.252,0.372,0.479,0.851,141,0.366,141,291,16,6,0,4,10,*D3/5H,
2,Rafael Devers*,28,BOS,AL,2.4,73,334,272,47,74,18,0,15,58,1,1,56,76,0.272,0.401,0.504,0.905,153,0.387,157,137,7,4,0,2,7,D,
2,Rafael Devers*,28,SFG,NL,1.9,90,395,335,52,79,15,0,20,51,0,0,56,116,0.236,0.347,0.46,0.807,130,0.349,127,154,9,2,0,2,3,D3/5H,
3,Shohei Ohtani*,30,LAD,NL,6.6,158,727,611,146,172,25,9,55,102,20,6,109,187,0.282,0.392,0.622,1.014,181,0.423,175,380,9,3,0,2,20,*D1,"AS,MVP-1,SS"
4,Matt Olson*,31,ATL,NL,6.2,162,724,624,98,170,41,2,29,95,1,0,91,176,0.272,0.366,0.484,0.85,139,0.368,139,302,14,4,0,5,2,*3,"AS,MVP-18,GG"
5,Kyle Schwarber*,32,PHI,NL,4.6,162,724,604,111,145,23,2,56,132,10,2,108,197,0.24,0.365,0.563,0.928,149,0.396,149,340,4,11,0,1,6,*D/7,"AS,MVP-2"
6,Geraldo Perdomo#,25,ARI,NL,7.1,161,720,597,98,173,33,5,20,100,27,6,94,83,0.29,0.389,0.462,0.851,137,0.382,140,276,11,10,8,11,1,*6/H,"MVP-4,SS"
7,Juan Soto*,26,NYM,NL,6.1,160,715,577,120,152,20,1,43,105,38,4,127,137,0.263,0.396,0.525,0.921,159,0.41,161,303,17,3,1,6,13,*9/D,"MVP-3,SS"
8,Julio Rodríguez,24,SEA,AL,6.6,160,710,652,106,174,31,4,32,95,30,6,44,152,0.267,0.324,0.474,0.798,127,0.353,130,309,15,12,0,2,5,*8/DH,"AS,MVP-6"
9,Pete Alonso,30,NYM,NL,3.3,162,709,624,87,170,41,1,38,126,1,2,61,162,0.272,0.347,0.524,0.871,143,0.371,140,327,23,15,0,9,5,*3/D,"AS,MVP-11,SS"
10,Randy Arozarena,30,SEA,AL,3.9,160,709,613,95,146,32,1,27,76,31,6,64,191,0.238,0.334,0.426,0.76,118,0.341,121,261,9,27,0,5,2,*7/D,AS
11,Cal Raleigh#,28,SEA,AL,7.2,159,705,596,110,147,24,0,60,125,14,4,97,188,0.247,0.359,0.589,0.948,168,0.392,163,351,6,9,0,3,17,*2D/H,"AS,MVP-2,SS"
12,Elly De La Cruz#,23,CIN,NL,3.6,162,699,629,102,166,31,7,22,86,37,8,67,181,0.264,0.336,0.44,0.777,110,0.342,105,277,14,2,0,1,10,*6/DH,"AS,MVP-23"
13,Brent Rooker,30,ATH,AL,1.8,162,699,626,92,164,40,3,30,89,6,1,65,155,0.262,0.335,0.479,0.814,122,0.353,118,300,13,5,0,2,4,*D9/7H,AS
14,Jarren Duran*,28,BOS,AL,4.9,157,696,620,86,159,41,13,16,84,24,6,60,169,0.256,0.332,0.442,0.774,116,0.345,121,274,6,12,1,3,1,*78/H9D,
15,Heliot Ramos,25,SFG,NL,1.2,157,695,620,85,159,24,1,21,69,6,4,52,158,0.256,0.328,0.4,0.728,108,0.319,107,248,16,17,0,6,2,*7/DH,
16,Steven Kwan*,27,CLE,AL,3.8,156,693,625,81,170,29,1,11,56,21,5,55,60,0.272,0.33,0.374,0.705,97,0.312,95,234,3,3,3,7,2,*7/D8,"AS,GG"
17,Fernando Tatis Jr.,26,SDP,NL,6.1,155,691,594,111,159,27,2,25,71,32,7,89,129,0.268,0.368,0.446,0.814,127,0.368,131,265,6,6,0,2,7,*9/D,"AS,MVP-8,GG"
18,James Wood*,22,WSN,NL,3.6,157,689,598,87,153,38,0,31,94,15,7,85,221,0.256,0.35,0.475,0.825,131,0.357,131,284,12,3,0,3,8,*7D/H,AS
19,Bobby Witt Jr.,25,KCR,AL,7.1,157,687,623,99,184,47,6,23,88,38,9,49,125,0.295,0.351,0.501,0.852,136,0.37,136,312,7,8,0,7,8,*6/D,"AS,MVP-4,GG,SS"
20,Willy Adames,29,SFG,NL,3.7,160,686,591,94,133,22,2,30,87,12,4,80,179,0.225,0.318,0.421,0.74,111,0.326,110,249,9,5,0,9,2,*6/D,
21,TJ Friedl*,29,CIN,NL,2.4,152,685,579,82,151,22,2,14,53,12,3,81,115,0.261,0.364,0.378,0.742,104,0.341,107,219,7,16,4,5,0,*8/DH,
22,Vinnie Pasquantino*,27,KCR,AL,2.4,160,682,621,72,164,33,1,32,113,1,0,49,107,0.264,0.323,0.475,0.798,120,0.343,121,295,14,7,0,5,5,*3D,
23,Vladimir Guerrero Jr.,26,TOR,AL,4.6,156,680,589,96,172,34,0,23,84,6,3,81,94,0.292,0.381,0.467,0.848,131,0.365,132,275,17,6,0,4,8,*3D/H,"AS,MVP-13"
24,Aaron Judge,33,NYY,AL,9.7,152,679,541,137,179,30,2,53,114,12,5,124,160,0.331,0.457,0.688,1.144,213,0.461,211,372,16,7,0,7,36,9D/H,"AS,MVP-1,SS"
25,Manny Machado,32,SDP,NL,4.2,159,678,615,91,169,33,0,27,95,14,3,55,131,0.275,0.335,0.46,0.795,120,0.346,117,283,16,3,0,5,4,*5D,"AS,MVP-16,SS"
26,Luis Arraez*,28,SDP,NL,1.4,154,675,620,66,181,30,4,8,61,11,4,34,21,0.292,0.327,0.392,0.719,101,0.318,99,243,12,2,12,7,0,*3D4/H,
27,José Ramírez#,32,CLE,AL,5.9,158,673,593,103,168,34,3,30,85,44,7,66,74,0.283,0.36,0.503,0.863,138,0.372,135,298,9,8,0,5,22,*5D,"AS,MVP-3,SS"
28,Ozzie Albies#,28,ATL,NL,2.3,157,667,603,74,145,23,2,16,74,14,3,55,94,0.24,0.306,0.365,0.671,90,0.307,94,220,9,4,0,5,2,*4,
29,Maikel Garcia,25,KCR,AL,5.8,160,666,595,81,170,39,5,16,74,23,9,62,84,0.286,0.351,0.449,0.8,123,0.348,123,267,14,1,3,5,0,*564/8DH9,"AS,MVP-14,GG"
30,Mookie Betts,32,LAD,NL,4.9,150,663,589,95,152,23,2,20,82,8,2,61,68,0.258,0.326,0.406,0.732,105,0.322,102,239,15,3,0,10,2,*6/H9,
31,Ian Happ#,30,CHC,NL,4,150,663,569,87,138,32,0,23,79,6,3,87,151,0.243,0.342,0.42,0.762,119,0.338,122,239,8,2,0,5,2,*7/DH,GG
32,Taylor Ward,31,LAA,AL,3,157,663,579,86,132,31,2,36,103,4,1,75,175,0.228,0.317,0.475,0.792,119,0.342,120,275,13,3,0,6,1,*7/DH,
33,William Contreras,27,MIL,NL,3.8,150,659,566,89,147,28,0,17,76,6,4,84,120,0.26,0.355,0.399,0.754,110,0.342,116,226,14,3,0,6,4,*2D/37,
34,Brice Turang*,25,MIL,NL,5.5,156,659,584,97,168,28,2,18,81,24,8,66,150,0.288,0.359,0.435,0.794,120,0.355,122,254,3,2,2,5,1,*4/H6,MVP-14
35,Eugenio Suárez,33,2TM,2LG,3.6,159,657,588,91,134,28,0,49,118,4,1,46,196,0.228,0.298,0.526,0.824,126,0.354,127,309,11,16,0,7,2,*5/D3H,AS
35,Eugenio Suárez,33,ARI,NL,3.3,106,437,387,64,96,19,0,36,87,1,0,29,117,0.248,0.32,0.576,0.897,143,0.386,146,223,7,15,0,6,1,5/DH3,
35,Eugenio Suárez,33,SEA,AL,0.3,53,220,201,27,38,9,0,13,31,3,1,17,79,0.189,0.255,0.428,0.682,93,0.289,87,86,4,1,0,1,1,03-May,
36,Cody Bellinger*,29,NYY,AL,5,152,656,588,89,160,25,5,29,98,13,2,57,90,0.272,0.334,0.48,0.813,123,0.349,122,282,8,2,0,9,1,*798/3H,MVP-14
37,Riley Greene*,24,DET,AL,2.2,157,655,600,84,155,31,1,36,111,2,1,46,201,0.258,0.313,0.493,0.806,120,0.343,119,296,14,4,0,5,1,*7D8/H9,"AS,MVP-17,SS"
38,Jose Altuve,35,HOU,AL,0.6,155,654,588,80,156,24,1,26,77,10,6,55,109,0.265,0.329,0.442,0.771,113,0.331,111,260,20,4,1,6,5,4D7/H,
39,J.P. Crawford*,30,SEA,AL,3.6,157,654,570,69,151,24,0,12,58,8,1,74,122,0.265,0.352,0.37,0.722,110,0.322,110,211,11,3,6,1,1,*6/H,
40,Bryan Reynolds#,30,PIT,NL,1.3,154,654,587,68,144,38,3,16,73,3,2,57,173,0.245,0.318,0.402,0.72,97,0.319,97,236,15,7,0,3,1,*9D/H,
41,Trevor Story,32,BOS,AL,4.1,157,654,612,91,161,29,0,25,96,31,1,33,176,0.263,0.308,0.433,0.741,106,0.333,108,265,3,7,1,1,1,*6/HD,
42,Junior Caminero,21,TBR,AL,4.3,154,653,602,93,159,28,0,45,110,7,1,41,125,0.264,0.311,0.535,0.846,130,0.366,135,322,31,3,0,7,1,*5/DH3,"AS,MVP-9"
43,Brandon Nimmo*,32,NYM,NL,2.8,155,652,587,81,154,27,0,25,92,13,1,50,141,0.262,0.324,0.436,0.76,113,0.335,112,256,8,7,1,7,1,*7/8DH,
44,Yandy Díaz,33,TBR,AL,3.3,150,651,583,79,175,29,1,25,83,3,1,57,92,0.3,0.366,0.482,0.848,135,0.364,135,281,12,6,0,5,4,*D3,MVP-18
45,Gunnar Henderson*,24,BAL,AL,5.4,154,651,577,85,158,34,5,17,68,30,5,62,137,0.274,0.349,0.438,0.787,121,0.349,122,253,7,7,0,5,6,*6/DH,
46,Seiya Suzuki,30,CHC,NL,2.6,151,651,571,75,140,31,3,32,103,5,2,71,164,0.245,0.326,0.478,0.804,129,0.348,129,273,13,1,0,8,1,D97/H8,MVP-20
47,Nico Hoerner,28,CHC,NL,6.2,156,649,599,89,178,29,4,7,61,29,6,39,49,0.297,0.345,0.394,0.739,113,0.338,118,236,4,7,0,4,1,*4/6,"MVP-19,GG"
48,Jackson Holliday*,21,BAL,AL,1.1,149,649,586,70,142,21,3,17,55,17,11,56,140,0.242,0.314,0.375,0.69,95,0.305,97,220,4,6,0,1,1,*4/6DH,
49,Spencer Torkelson,25,DET,AL,2.4,155,649,563,82,135,27,1,31,78,2,1,72,169,0.24,0.333,0.456,0.789,117,0.339,117,257,12,9,0,5,6,*3D/H,
50,Pete Crow-Armstrong*,23,CHC,NL,5.9,157,647,591,91,146,37,4,31,95,35,8,29,155,0.247,0.287,0.481,0.768,117,0.337,117,284,1,9,6,12,1,*8/HD,"AS,MVP-9,GG"
51,Dansby Swanson,31,CHC,NL,4.5,159,645,590,84,144,24,3,24,77,20,3,47,168,0.244,0.3,0.417,0.717,104,0.323,108,246,9,2,1,5,1,*6,
52,Christian Yelich*,33,MIL,NL,3,150,644,573,88,151,21,0,29,103,16,6,64,167,0.264,0.343,0.452,0.795,120,0.35,120,259,6,6,0,1,6,*D7/H,MVP-12
53,Corbin Carroll*,24,ARI,NL,5.8,143,642,564,107,146,32,17,31,84,32,6,67,153,0.259,0.343,0.541,0.883,141,0.382,138,305,6,7,0,4,4,*9/8DH,"AS,MVP-6,SS"
54,Michael Harris II*,24,ATL,NL,2.3,160,641,611,55,152,26,6,20,86,20,6,16,128,0.249,0.268,0.409,0.678,89,0.295,85,250,7,3,4,7,1,*8/H,
55,Salvador Perez,35,KCR,AL,0.5,155,641,597,54,141,35,0,30,100,0,0,28,125,0.236,0.284,0.446,0.729,100,0.311,97,266,14,12,0,1,5,2D3,
56,Christian Walker,34,HOU,AL,0.3,154,640,585,72,139,24,1,27,88,2,1,40,177,0.238,0.297,0.421,0.717,98,0.312,97,246,10,11,0,4,1,*3/DH,
57,Trea Turner,32,PHI,NL,5.4,141,639,589,94,179,31,7,15,69,36,7,43,107,0.304,0.355,0.457,0.812,120,0.368,124,269,11,5,0,2,1,*6/DH,MVP-5
58,CJ Abrams*,24,WSN,NL,3.3,144,635,580,92,149,35,5,19,60,31,3,37,125,0.257,0.315,0.433,0.748,110,0.338,110,251,5,14,1,3,1,*6/HD,
59,Lawrence Butler*,24,ATH,AL,1.5,152,630,569,83,133,30,2,21,63,22,7,59,179,0.234,0.306,0.404,0.71,94,0.313,89,230,7,0,2,0,0,*98H,
60,Bo Bichette,27,TOR,AL,3.4,139,628,582,78,181,44,1,18,94,4,3,40,91,0.311,0.357,0.483,0.84,127,0.364,132,281,17,3,0,3,2,*6/DH,MVP-16
61,Gleyber Torres,28,DET,AL,3,145,628,532,79,136,22,0,16,74,4,1,85,101,0.256,0.358,0.387,0.745,108,0.336,114,206,11,4,0,7,0,*4D/H,AS
62,Freddie Freeman*,35,LAD,NL,3.5,147,627,556,81,164,39,2,24,90,6,2,60,128,0.295,0.367,0.502,0.869,143,0.376,141,279,13,6,0,5,7,*3/H,"AS,MVP-13"
63,Andy Pages,24,LAD,NL,3.7,156,624,581,74,158,27,1,27,86,14,7,29,135,0.272,0.313,0.461,0.774,115,0.338,115,268,9,8,0,6,0,*897,
64,Tyler Soderstrom*,23,ATH,AL,3.8,158,624,561,75,155,34,1,25,93,8,3,55,141,0.276,0.346,0.474,0.82,124,0.352,119,266,18,6,0,2,2,73H/D,
65,Xavier Edwards#,25,MIA,NL,3.3,139,619,561,75,159,20,5,3,43,27,7,49,88,0.283,0.343,0.353,0.695,96,0.317,95,198,6,3,3,3,2,46/HD,
66,Jung Hoo Lee*,26,SFG,NL,1.7,150,617,560,73,149,31,12,8,55,10,3,47,71,0.266,0.327,0.407,0.735,110,0.329,112,228,2,6,0,4,0,*8/HD,
67,Nathaniel Lowe*,29,2TM,2LG,0.1,153,609,540,64,123,23,3,18,84,1,0,62,159,0.228,0.307,0.381,0.689,94,0.304,93,206,6,2,0,5,2,*3/HD,
67,Nathaniel Lowe*,29,WSN,NL,-0.4,119,490,440,50,95,17,2,16,68,1,0,47,130,0.216,0.292,0.373,0.665,87,0.297,87,164,5,1,0,2,0,*3/DH,
67,Nathaniel Lowe*,29,BOS,AL,0.5,34,119,100,14,28,6,1,2,16,0,0,15,29,0.28,0.37,0.42,0.79,123,0.336,118,42,1,1,0,3,2,3/HD,
68,Josh Naylor*,28,2TM,2LG,3,147,604,543,81,160,29,1,20,92,30,2,48,83,0.295,0.353,0.462,0.816,128,0.365,128,251,17,4,0,5,4,*3D/H,
68,Josh Naylor*,28,ARI,NL,0.9,93,394,349,49,102,19,1,11,59,11,2,37,49,0.292,0.36,0.447,0.807,124,0.356,123,156,14,2,0,4,4,3D/H,
68,Josh Naylor*,28,SEA,AL,2.2,54,210,194,32,58,10,0,9,33,19,0,11,34,0.299,0.341,0.49,0.831,137,0.38,139,95,3,2,0,1,0,3/DH,
69,Kyle Tucker*,28,CHC,NL,4.5,136,597,500,91,133,25,4,22,73,25,3,87,88,0.266,0.377,0.464,0.841,142,0.375,143,232,8,4,1,3,7,*9D/H,"AS,SS"
70,Anthony Volpe,24,NYY,AL,1.6,153,596,539,65,114,32,4,19,72,18,8,43,150,0.212,0.272,0.391,0.663,82,0.287,79,211,10,4,3,7,0,*6/H,
71,Sal Frelick*,25,MIL,NL,2.9,142,594,528,76,152,20,3,12,63,19,6,47,80,0.288,0.351,0.405,0.756,111,0.335,109,214,4,7,3,5,0,*98/H35,
72,Otto Lopez,26,MIA,NL,3.6,143,594,544,66,134,21,0,15,77,15,6,44,82,0.246,0.305,0.368,0.672,87,0.307,91,200,9,3,0,3,2,*64/HD,
73,Michael Busch*,27,CHC,NL,4.5,155,592,524,78,137,25,5,34,90,4,0,56,139,0.261,0.343,0.523,0.866,146,0.376,148,274,2,10,0,2,2,*3H/D,MVP-16
74,Marcell Ozuna,34,ATL,NL,1.8,145,592,487,61,113,19,0,21,68,0,0,94,144,0.232,0.355,0.4,0.756,114,0.342,121,195,11,3,0,7,2,*D/H,
75,Nick Castellanos,33,PHI,NL,-0.8,147,589,547,72,137,27,2,17,72,4,0,32,133,0.25,0.294,0.4,0.694,87,0.309,87,219,13,4,0,6,0,*9/DH,
76,Jackson Chourio,21,MIL,NL,2.2,131,589,549,88,148,35,4,21,78,21,7,30,121,0.27,0.308,0.463,0.77,111,0.339,111,254,13,3,1,6,1,*879/D,
77,Jordan Beck,24,COL,NL,0.9,148,588,539,62,139,27,5,16,53,19,8,43,174,0.258,0.317,0.416,0.732,94,0.327,95,224,9,4,0,1,0,*7H/D8,
78,Ernie Clement,29,TOR,AL,4.3,157,588,545,83,151,35,2,9,50,6,5,27,61,0.277,0.313,0.398,0.711,93,0.306,90,217,13,4,7,5,1,5463H,
79,Ceddanne Rafaela,24,BOS,AL,4.9,156,587,546,84,136,34,4,16,63,20,5,28,117,0.249,0.295,0.414,0.708,97,0.309,95,226,9,8,3,2,0,*84/H,GG
80,George Springer,35,TOR,AL,4.8,140,586,498,106,154,27,1,32,84,18,1,69,111,0.309,0.399,0.56,0.959,159,0.414,164,279,14,8,0,4,3,D978/H,"MVP-7,SS"
81,Ryan McMahon*,30,2TM,2LG,2.3,154,586,509,62,109,23,1,20,53,3,1,70,189,0.214,0.312,0.381,0.693,87,0.305,84,194,7,4,0,3,1,*5/HD,
81,Ryan McMahon*,30,COL,NL,1.2,100,401,350,42,76,15,1,16,35,2,1,49,127,0.217,0.314,0.403,0.717,91,0.314,86,141,4,1,0,1,1,5/HD,
81,Ryan McMahon*,30,NYY,AL,1.1,54,185,159,20,33,8,0,4,18,1,0,21,62,0.208,0.308,0.333,0.641,79,0.287,78,53,3,3,0,2,0,5/H,
82,Agustín Ramírez,23,MIA,NL,-0.3,136,585,537,72,124,33,1,21,67,16,3,36,113,0.231,0.287,0.413,0.701,93,0.31,91,222,13,8,0,4,2,2D/H,ROY-6
83,Carlos Correa,30,2TM,AL,1.6,144,584,537,63,148,29,0,13,52,0,0,45,113,0.276,0.332,0.402,0.734,103,0.323,104,216,19,1,0,1,0,65/H,
83,Carlos Correa,30,MIN,AL,0.2,93,364,337,40,90,19,0,7,31,0,0,26,68,0.267,0.319,0.386,0.704,94,0.308,92,130,12,0,0,1,0,6/H,
83,Carlos Correa,30,HOU,AL,1.4,51,220,200,23,58,10,0,6,21,0,0,19,45,0.29,0.355,0.43,0.785,118,0.349,124,86,7,1,0,0,0,06-May,
84,Lars Nootbaar*,27,STL,NL,1.4,135,583,509,68,119,24,1,13,48,4,5,64,119,0.234,0.325,0.361,0.686,95,0.303,95,184,4,6,1,3,3,*798/HD,
85,Trent Grisham*,28,NYY,AL,3.5,143,581,494,87,116,9,1,34,74,3,2,82,137,0.235,0.348,0.464,0.811,123,0.363,134,229,7,4,0,1,0,*8/H,
86,Bryce Harper*,32,PHI,NL,3.1,132,580,501,72,131,32,0,27,75,12,2,70,121,0.261,0.357,0.487,0.844,128,0.367,127,244,5,6,0,3,6,*3/D,
87,Hunter Goodman,25,COL,NL,3.7,144,579,540,73,150,28,5,31,91,1,2,33,152,0.278,0.323,0.52,0.843,121,0.367,125,281,16,4,0,2,0,2D/H,"AS,SS"
88,Matt McLain,25,CIN,NL,0.1,147,577,510,73,112,18,0,15,50,18,2,55,167,0.22,0.3,0.343,0.643,75,0.297,73,175,8,5,3,4,0,*4/6HD,
89,Jo Adell,26,LAA,AL,1.4,152,573,526,63,124,18,1,37,98,5,1,33,151,0.236,0.293,0.485,0.778,114,0.335,115,255,10,10,0,1,0,*89/HD,
90,Wyatt Langford,23,TEX,AL,5.5,134,573,489,73,118,25,1,22,62,22,6,74,151,0.241,0.344,0.431,0.775,125,0.342,129,211,9,5,0,5,3,*78/H,
91,Ke'Bryan Hayes,28,2TM,NL,1.4,152,570,527,50,124,16,3,5,49,12,3,36,111,0.235,0.29,0.306,0.595,64,0.275,63,161,12,5,1,1,1,*5/H,GG
91,Ke'Bryan Hayes,28,PIT,NL,1.1,100,392,369,34,87,10,2,2,36,10,2,18,81,0.236,0.279,0.29,0.569,57,0.264,56,107,8,4,1,0,1,5/H,
91,Ke'Bryan Hayes,28,CIN,NL,0.3,52,178,158,16,37,6,1,3,13,2,1,18,30,0.234,0.315,0.342,0.656,80,0.299,79,54,4,1,0,1,0,5,
92,Miguel Vargas,25,CHW,AL,1.9,138,569,504,80,118,32,2,16,60,6,0,56,100,0.234,0.316,0.401,0.717,100,0.315,97,202,9,6,0,3,0,53/DH7,
93,Spencer Steer,27,CIN,NL,0.7,146,568,509,66,121,21,2,21,75,7,1,51,129,0.238,0.312,0.411,0.723,96,0.321,93,209,12,5,1,2,0,*3D7/H9,
94,Yainer Diaz,26,HOU,AL,2.7,143,567,542,56,139,25,1,20,70,1,1,20,95,0.256,0.284,0.417,0.701,93,0.309,95,226,13,2,0,3,2,*2D/H,
95,Jonathan India,28,KCR,AL,0.4,136,567,497,63,116,29,0,9,45,0,4,54,106,0.233,0.323,0.346,0.669,89,0.299,91,172,10,13,1,2,0,4D75/H,
96,Trevor Larnach*,28,MIN,AL,0.2,142,567,503,62,126,24,1,17,60,4,4,53,122,0.25,0.323,0.404,0.727,100,0.323,104,203,19,4,0,6,2,D97H,
97,Nolan Schanuel*,23,LAA,AL,1.6,132,564,488,64,129,23,1,12,53,5,1,59,71,0.264,0.353,0.389,0.742,110,0.329,111,190,10,10,3,4,4,*3,
98,Willson Contreras,33,STL,NL,2.5,135,563,490,70,126,31,1,20,80,5,1,44,142,0.257,0.344,0.447,0.791,123,0.349,124,219,15,23,1,4,1,*3D,
99,Josh Smith*,27,TEX,AL,2.9,144,563,495,70,124,23,2,10,35,12,3,55,100,0.251,0.335,0.366,0.7,105,0.318,112,181,3,8,3,1,2,653HD/7948,
100,Bryson Stott*,27,PHI,NL,2.2,147,560,499,66,128,22,3,13,66,24,5,54,91,0.257,0.328,0.391,0.719,96,0.324,95,195,4,1,2,4,1,*46H,
101,Mike Yastrzemski*,34,2TM,2LG,2.8,146,558,477,68,111,28,1,17,46,7,2,72,108,0.233,0.333,0.403,0.735,109,0.328,111,192,7,2,2,5,4,*9H8/7D1,
101,Mike Yastrzemski*,34,SFG,NL,1.8,96,372,321,38,74,14,1,8,28,6,2,47,86,0.231,0.33,0.355,0.685,97,0.314,102,114,4,1,2,1,4,9/H1,
101,Mike Yastrzemski*,34,KCR,AL,1.1,50,186,156,30,37,14,0,9,18,1,0,25,22,0.237,0.339,0.5,0.839,131,0.354,128,78,3,1,0,4,0,98/7HD,
102,Ketel Marte#,31,ARI,NL,4.4,126,556,480,87,136,28,0,28,72,4,2,64,83,0.283,0.376,0.517,0.893,146,0.381,143,248,12,9,0,3,6,4D/H,"AS,MVP-22,SS"
103,Mike Trout,33,LAA,AL,1.7,130,556,456,73,106,14,1,26,64,2,0,87,178,0.232,0.359,0.439,0.797,124,0.341,120,200,7,6,0,6,10,D9/H,
104,Zach Neto,24,LAA,AL,5.3,128,554,502,82,129,29,1,26,62,26,9,33,149,0.257,0.319,0.474,0.793,120,0.341,118,238,5,14,2,3,6,*6/H,
105,Brandon Lowe*,30,TBR,AL,1.8,134,553,507,79,130,19,0,31,83,3,2,38,149,0.256,0.307,0.477,0.785,115,0.337,116,242,6,2,0,6,1,*4/DH3,AS
106,Xander Bogaerts,32,SDP,NL,2.1,136,552,491,63,129,30,0,11,53,20,2,48,94,0.263,0.328,0.391,0.72,101,0.32,96,192,12,4,1,8,3,*6/DH,
107,Andrew McCutchen,38,PIT,NL,0,135,551,477,51,114,22,0,13,57,1,1,67,118,0.239,0.333,0.367,0.7,93,0.311,92,175,12,2,0,3,5,*D/H97,
108,J.T. Realmuto,34,PHI,NL,2.5,134,550,502,57,129,26,1,12,52,8,2,35,129,0.257,0.315,0.384,0.7,90,0.312,89,193,13,9,0,3,1,*2/DH,
109,Adolis García,32,TEX,AL,2.7,135,547,507,58,115,28,0,19,75,13,4,28,135,0.227,0.271,0.394,0.665,91,0.291,93,200,9,5,0,7,1,*9/DH,
110,Alec Burleson*,26,STL,NL,1.9,139,546,497,54,144,26,2,18,69,5,1,39,79,0.29,0.343,0.459,0.801,125,0.352,127,228,14,3,1,4,1,379D/H1,SS
111,Lourdes Gurriel Jr.,31,ARI,NL,0.6,129,546,500,52,124,24,2,19,80,10,4,31,76,0.248,0.295,0.418,0.713,96,0.314,95,209,11,6,0,9,0,*7D/H,
112,Teoscar Hernández,32,LAD,NL,1.5,134,546,511,65,126,29,1,25,89,5,2,26,134,0.247,0.284,0.454,0.738,104,0.318,100,232,13,3,0,5,0,*9/H,
113,Gavin Sheets*,29,SDP,NL,0.8,145,545,492,57,124,28,1,19,71,2,1,44,107,0.252,0.317,0.429,0.746,107,0.326,105,211,9,5,0,4,1,7DH3,
114,Oneil Cruz*,26,PIT,NL,0.2,135,544,471,62,94,18,3,20,61,38,5,64,174,0.2,0.298,0.378,0.676,85,0.312,83,178,6,4,0,5,4,*8H/D,
115,Lenyn Sosa,25,CHW,AL,0.7,140,544,518,57,137,20,1,22,75,2,1,18,127,0.264,0.293,0.434,0.727,101,0.316,100,225,11,4,1,3,0,43D/H5,
116,Ryan O'Hearn*,31,2TM,2LG,2.5,144,544,474,67,133,21,1,17,63,3,1,58,109,0.281,0.366,0.437,0.803,126,0.352,127,207,11,8,0,4,4,3D9H/7,AS
116,Ryan O'Hearn*,31,BAL,AL,2,94,361,311,45,88,15,1,13,43,3,1,42,63,0.283,0.374,0.463,0.837,136,0.362,136,144,10,5,0,3,3,3D9/H7,
116,Ryan O'Hearn*,31,SDP,NL,0.5,50,183,163,22,45,6,0,4,20,0,0,16,46,0.276,0.35,0.387,0.736,106,0.332,109,63,1,3,0,1,1,3D/H9,
117,Jeremy Peña,27,HOU,AL,5.7,125,543,493,68,150,30,2,17,62,20,2,35,93,0.304,0.363,0.477,0.84,133,0.368,133,235,9,12,1,2,2,*6/HD,"AS,MVP-10"
118,Byron Buxton,31,MIN,AL,4.9,126,542,488,97,129,21,7,35,83,24,0,41,148,0.264,0.327,0.551,0.878,137,0.383,140,269,0,7,0,6,5,*8/D,"AS,MVP-11,SS"
119,Luis Rengifo#,28,LAA,AL,0.7,147,541,501,55,119,16,3,9,43,10,7,33,104,0.238,0.287,0.335,0.622,75,0.276,74,168,7,3,1,3,0,54H/9768D,
120,Brenton Doyle,27,COL,NL,0.2,138,538,502,57,117,23,2,15,57,18,2,30,138,0.233,0.274,0.376,0.651,72,0.297,70,189,14,0,2,4,0,*8/HD,
121,Masyn Winn,23,STL,NL,2.2,129,537,491,72,124,27,0,9,51,9,5,34,102,0.253,0.31,0.363,0.673,90,0.298,90,178,11,8,2,2,0,*6/H,GG
122,Matt Chapman,32,SFG,NL,4.1,128,535,454,76,105,23,2,21,61,9,4,71,126,0.231,0.34,0.43,0.77,120,0.341,122,195,8,6,0,4,1,*5,
123,Paul Goldschmidt,37,NYY,AL,1.1,146,534,489,76,134,31,1,10,45,5,1,36,100,0.274,0.328,0.403,0.731,102,0.321,103,197,8,4,0,2,5,*3H/D8,
124,Marcus Semien,34,TEX,AL,3.2,127,534,470,62,108,16,1,15,62,11,1,50,93,0.23,0.305,0.364,0.669,95,0.301,98,171,8,5,0,9,0,*4,GG
125,Josh Bell#,32,WSN,NL,0.4,140,533,468,54,111,16,1,22,63,0,3,57,88,0.237,0.325,0.417,0.741,109,0.327,110,195,15,5,0,3,1,D3H,
126,Jazz Chisholm Jr.*,27,NYY,AL,4.1,130,531,462,75,112,15,1,31,80,31,8,58,148,0.242,0.332,0.481,0.813,123,0.357,126,222,3,6,1,4,1,45/H,"AS,SS"
127,Kyle Manzardo*,24,CLE,AL,0.5,142,531,470,47,110,19,2,27,70,2,0,48,135,0.234,0.313,0.455,0.768,111,0.331,110,214,7,8,0,5,2,D3H,
128,Ben Rice*,26,NYY,AL,2.2,138,530,467,74,119,28,4,26,65,3,2,50,100,0.255,0.337,0.499,0.836,129,0.355,129,233,18,9,0,2,0,3D2H,
129,Brooks Lee#,24,MIN,AL,-0.8,139,527,487,50,115,15,1,16,64,3,1,31,92,0.236,0.285,0.37,0.654,80,0.289,78,180,11,4,0,5,0,654H/D,
130,Luis García Jr.*,25,WSN,NL,0.4,139,526,488,67,123,28,1,16,66,14,5,27,84,0.252,0.289,0.412,0.701,96,0.31,95,201,7,2,0,9,1,*4H/3D,
131,Jorge Polanco#,31,SEA,AL,2.5,138,524,471,64,125,30,0,26,78,6,3,42,82,0.265,0.326,0.495,0.821,133,0.348,131,233,7,3,3,5,1,D4H/53,
132,Shea Langeliers,27,ATH,AL,3.5,123,523,481,73,133,32,0,31,72,7,1,36,103,0.277,0.325,0.536,0.861,132,0.363,125,258,10,1,0,5,1,2D/H,
133,Jacob Wilson,23,ATH,AL,2.6,125,523,486,62,151,26,0,13,63,5,2,27,39,0.311,0.355,0.444,0.8,119,0.354,121,216,16,7,2,1,1,*6/D,"AS,MVP-18,ROY-2"
134,Jake Cronenworth*,31,SDP,NL,2.5,135,515,419,61,103,20,1,11,59,3,3,69,107,0.246,0.367,0.377,0.744,109,0.339,116,158,4,15,4,7,1,*436/DH,
135,Brendan Donovan*,28,STL,NL,2.7,118,515,460,64,132,32,0,10,50,3,3,42,67,0.287,0.353,0.422,0.775,119,0.338,119,194,4,7,2,4,3,47/6DH,AS
136,Eric Wagaman,27,MIA,NL,-0.3,140,514,476,56,119,28,3,9,53,4,1,32,100,0.25,0.296,0.378,0.674,87,0.303,88,180,11,1,0,5,0,*37HD/59,
137,Josh Jung,27,TEX,AL,1.4,131,511,482,53,121,23,1,14,61,4,1,27,129,0.251,0.294,0.39,0.684,98,0.301,100,188,10,2,0,0,0,*5/DH,
138,Zach McKinstry*,30,DET,AL,2.9,144,511,452,68,117,23,11,12,49,19,5,46,111,0.259,0.333,0.438,0.771,113,0.336,112,198,6,7,1,5,1,5697H/4D13,"AS,SS"
139,Caleb Durbin,25,MIL,NL,2.7,136,506,445,60,114,25,0,11,53,18,6,30,50,0.256,0.334,0.387,0.721,101,0.33,105,172,10,24,3,4,0,*54H/6,ROY-3
140,Alejandro Kirk,26,TOR,AL,2.3,130,506,451,45,127,18,0,15,76,1,0,48,59,0.282,0.348,0.421,0.769,110,0.334,109,190,16,1,0,6,2,*2H/D,AS
141,Joey Ortiz,26,MIL,NL,0.2,149,506,470,62,108,18,1,7,45,14,3,27,74,0.23,0.276,0.317,0.593,65,0.27,61,149,10,3,6,0,0,*6/H,
142,Chase Meidroth,23,CHW,AL,1.2,122,505,450,54,114,15,0,5,23,14,4,45,72,0.253,0.329,0.32,0.649,84,0.303,88,144,14,6,3,1,0,64/H,
143,Alec Bohm,28,PHI,NL,1.4,120,504,464,53,133,18,3,11,59,2,0,29,82,0.287,0.331,0.409,0.741,101,0.334,105,190,16,5,0,6,0,53,
144,Gavin Lux*,27,CIN,NL,-0.2,140,503,446,49,120,28,2,5,53,1,0,56,114,0.269,0.35,0.374,0.724,98,0.326,98,167,3,0,0,1,0,D74H/5,
145,Addison Barger*,25,TOR,AL,1.2,135,502,460,61,112,32,1,21,74,4,1,36,121,0.243,0.301,0.454,0.756,103,0.32,99,209,8,3,0,2,4,59H/D,
146,Harrison Bader,31,2TM,2LG,4,146,501,448,61,124,24,1,17,54,11,7,39,136,0.277,0.347,0.449,0.796,118,0.344,117,201,5,11,0,3,0,*87H/9,
146,Harrison Bader,31,MIN,AL,2.7,96,307,271,31,70,13,0,12,38,10,4,27,81,0.258,0.339,0.439,0.778,114,0.34,114,119,3,7,0,2,0,78H/9,
146,Harrison Bader,31,PHI,NL,1.3,50,194,177,30,54,11,1,5,16,1,3,12,55,0.305,0.361,0.463,0.824,123,0.351,122,82,2,4,0,1,0,8/H,
147,Cedric Mullins*,30,2TM,2LG,0.5,133,498,435,58,94,23,1,17,59,22,4,50,120,0.216,0.299,0.391,0.69,94,0.311,94,170,2,4,3,6,0,*8/HD,
147,Cedric Mullins*,30,BAL,AL,0.1,91,355,314,42,72,19,0,15,49,14,4,34,85,0.229,0.305,0.433,0.738,106,0.32,103,136,2,2,1,4,0,8/DH,
147,Cedric Mullins*,30,NYM,NL,0.4,42,143,121,16,22,4,1,2,10,8,0,16,35,0.182,0.284,0.281,0.565,61,0.287,70,34,0,2,2,2,0,8/H,
148,Jesús Sánchez*,27,2TM,2LG,1.4,134,497,451,61,107,21,4,14,48,13,3,42,110,0.237,0.304,0.395,0.699,94,0.312,93,178,10,2,0,2,1,*97H8/D,
148,Jesús Sánchez*,27,MIA,NL,1.1,86,337,305,40,78,12,4,10,36,9,2,29,70,0.256,0.32,0.42,0.74,105,0.328,104,128,8,1,0,2,1,9H8/D7,
148,Jesús Sánchez*,27,HOU,AL,0.3,48,160,146,21,29,9,0,4,12,4,1,13,40,0.199,0.269,0.342,0.611,70,0.277,69,50,2,1,0,0,0,79/HD,
149,Alex Bregman,31,BOS,AL,3.7,114,495,433,64,118,28,0,18,62,1,1,51,70,0.273,0.36,0.462,0.821,130,0.357,134,200,12,9,0,2,3,*5/HD,AS
150,Cam Smith,22,HOU,AL,2,134,493,441,55,104,21,3,9,51,8,1,43,137,0.236,0.312,0.358,0.671,87,0.304,89,158,11,7,0,2,0,*9H/D,ROY-10
151,Ty France,30,2TM,AL,1,138,490,444,50,114,25,0,7,52,1,0,22,83,0.257,0.32,0.36,0.681,88,0.307,91,160,11,21,0,3,1,*3H/D4,GG
151,Ty France,30,MIN,AL,0.8,101,387,350,41,88,19,0,6,44,1,0,19,63,0.251,0.32,0.357,0.678,88,0.309,92,125,8,17,0,1,0,3/H4,
151,Ty France,30,TOR,AL,0.2,37,103,94,9,26,6,0,1,8,0,0,3,20,0.277,0.32,0.372,0.693,89,0.299,83,35,3,4,0,2,1,3H/D,
152,Nick Kurtz*,22,ATH,AL,5,117,489,420,90,122,26,2,36,86,2,1,63,151,0.29,0.383,0.619,1.002,170,0.418,168,260,4,2,0,3,3,*3/DH,"MVP-12,ROY-1,SS"
153,Ramón Laureano,30,2TM,2LG,3.8,132,488,441,72,124,26,2,24,76,7,4,35,119,0.281,0.342,0.512,0.855,137,0.363,135,226,10,8,0,4,1,*798/DH,
153,Ramón Laureano,30,BAL,AL,3,82,290,259,45,75,17,0,15,46,4,3,22,72,0.29,0.355,0.529,0.884,146,0.373,146,137,6,6,0,3,1,97/DH8,
153,Ramón Laureano,30,SDP,NL,0.8,50,198,182,27,49,9,2,9,30,3,1,13,47,0.269,0.323,0.489,0.812,124,0.348,120,89,4,2,0,1,0,78/9HD,
154,Michael Conforto*,32,LAD,NL,-0.7,138,486,418,54,83,20,0,12,36,1,0,56,121,0.199,0.305,0.333,0.637,80,0.289,79,139,12,9,0,3,0,*7H,
155,Angel Martínez#,23,CLE,AL,-0.7,139,484,446,56,100,23,2,11,45,8,2,23,110,0.224,0.269,0.359,0.628,74,0.275,69,160,8,6,5,4,0,*84H/97,
156,Jackson Merrill*,22,SDP,NL,2.8,115,483,440,59,116,25,6,16,67,1,2,33,108,0.264,0.317,0.457,0.774,114,0.331,110,201,4,4,1,5,1,*8/H,
157,Max Kepler*,32,PHI,NL,0.1,127,474,417,58,90,19,0,18,52,3,0,48,93,0.216,0.3,0.391,0.691,87,0.303,83,163,10,4,1,4,3,*79H/8,
158,Carlos Santana#,39,2TM,2LG,1.2,124,474,415,49,91,11,0,11,54,7,0,52,91,0.219,0.308,0.325,0.633,78,0.289,78,135,7,3,0,4,1,3D/H5,
158,Carlos Santana#,39,CLE,AL,1.4,116,455,396,49,89,10,0,11,52,7,0,52,86,0.225,0.316,0.333,0.65,82,0.296,83,132,7,3,0,4,1,3D/H5,
158,Carlos Santana#,39,CHC,NL,-0.2,8,19,19,0,2,1,0,0,2,0,0,0,5,0.105,0.105,0.158,0.263,-25,0.113,-37,3,0,0,0,0,0,/3DH,
159,Gabriel Arias,25,CLE,AL,1.1,129,471,432,44,95,25,2,11,54,8,4,27,162,0.22,0.274,0.363,0.638,77,0.277,71,157,8,7,1,4,1,64/5H,
160,Andrew Benintendi*,30,CHW,AL,0.9,116,470,420,57,101,16,2,20,63,1,0,40,82,0.24,0.307,0.431,0.738,104,0.322,104,181,5,3,0,6,2,7D/H,
161,Dillon Dingler,26,DET,AL,3.2,126,469,435,54,121,21,2,13,57,0,0,23,110,0.278,0.327,0.425,0.752,108,0.329,110,185,5,9,0,1,2,*2/HD,GG
162,Alek Thomas*,25,ARI,NL,0.2,143,469,433,51,108,19,3,9,38,7,4,21,122,0.249,0.289,0.37,0.659,82,0.291,79,160,2,5,6,4,0,*8/HD,
163,Colt Keith*,23,DET,AL,1.6,137,468,414,65,106,22,2,13,45,1,1,48,102,0.256,0.333,0.413,0.746,107,0.326,108,171,7,2,0,4,1,D54H3,
164,Kerry Carpenter*,27,DET,AL,1.8,130,464,433,66,109,18,5,26,62,1,1,18,106,0.252,0.291,0.497,0.788,114,0.335,115,215,3,7,0,2,0,9D7H,
165,Ryan Jeffers,28,MIN,AL,1.3,119,464,406,47,108,26,0,9,47,1,1,50,91,0.266,0.356,0.397,0.752,109,0.332,110,161,9,7,0,1,1,2D/H,
166,Wilmer Flores,33,SFG,NL,0.3,125,463,419,44,101,10,0,16,71,1,0,34,88,0.241,0.307,0.379,0.686,96,0.312,101,159,14,7,0,3,0,D3H/5,
167,Victor Scott II*,24,STL,NL,2.2,138,463,398,54,86,15,1,5,37,34,4,42,111,0.216,0.305,0.296,0.601,72,0.288,72,118,3,10,10,3,0,*8/97,
168,Mark Vientos,25,NYM,NL,-0.3,121,463,424,44,99,21,2,17,61,1,0,30,115,0.233,0.289,0.413,0.702,96,0.31,97,175,11,5,0,4,0,5D/H3,
169,Jeff McNeil*,33,NYM,NL,1.9,122,462,399,42,97,21,5,12,54,3,0,49,55,0.243,0.335,0.411,0.746,110,0.333,112,164,5,8,2,4,4,487D/H93,
170,Mickey Moniak*,27,COL,NL,-0.5,135,461,434,62,117,20,8,24,68,9,3,22,110,0.27,0.306,0.518,0.824,116,0.349,110,225,4,2,0,3,1,*98H7D,
171,Isiah Kiner-Falefa,30,2TM,2LG,1.5,138,459,431,45,113,21,2,2,40,15,4,17,77,0.262,0.297,0.334,0.631,74,0.291,74,144,9,5,5,1,0,654/H1,
171,Isiah Kiner-Falefa,30,PIT,NL,1.5,119,428,401,40,106,20,2,1,35,15,4,17,69,0.264,0.3,0.332,0.632,74,0.293,76,133,9,4,5,1,0,65/H,
171,Isiah Kiner-Falefa,30,TOR,AL,0,19,31,30,5,7,1,0,1,5,0,0,0,8,0.233,0.258,0.367,0.625,69,0.262,57,11,0,1,0,0,0,4/5H16,
172,Adam Frazier*,33,2TM,2LG,1.3,134,459,419,43,112,20,0,7,44,8,6,26,81,0.267,0.319,0.365,0.684,90,0.302,89,153,8,8,1,5,2,47H9/D5,
172,Adam Frazier*,33,PIT,NL,0.2,78,262,235,22,60,10,0,3,21,7,5,17,45,0.255,0.318,0.336,0.654,81,0.292,80,79,8,6,1,3,2,47H/9,
172,Adam Frazier*,33,KCR,AL,1.1,56,197,184,21,52,10,0,4,23,1,1,9,36,0.283,0.32,0.402,0.722,101,0.314,101,74,0,2,0,2,0,47/DH59,
173,Kyle Stowers*,27,MIA,NL,3.7,117,457,399,61,115,21,3,25,73,5,1,48,125,0.288,0.368,0.544,0.912,151,0.391,150,217,6,5,1,4,3,79H8/D,AS
174,Willi Castro#,28,2TM,2LG,-0.1,120,454,402,58,91,17,3,11,33,10,4,40,111,0.226,0.313,0.366,0.679,90,0.303,90,147,12,11,1,0,1,4975/86H1,
174,Willi Castro#,28,MIN,AL,0.4,86,344,302,48,74,15,2,10,27,9,3,32,84,0.245,0.335,0.407,0.743,105,0.326,104,123,9,9,1,0,1,4795/618H,
174,Willi Castro#,28,CHC,NL,-0.5,34,110,100,10,17,2,1,1,6,1,1,8,27,0.17,0.245,0.24,0.485,41,0.23,47,24,3,2,0,0,0,95/48H7,
175,Patrick Bailey#,26,SFG,NL,1.1,135,452,409,47,91,18,3,6,55,1,0,30,133,0.222,0.277,0.325,0.602,73,0.269,70,133,7,3,4,6,0,*2H/D,GG
176,Iván Herrera,25,STL,NL,2.3,107,452,388,54,110,13,0,19,66,8,2,43,84,0.284,0.373,0.464,0.837,136,0.372,141,180,20,15,0,4,1,D2/7H,
177,Logan O'Hoppe,25,LAA,AL,0,119,451,423,35,90,8,1,19,43,2,1,24,139,0.213,0.258,0.371,0.629,75,0.275,72,157,12,2,1,1,0,2H/D,
178,Tommy Pham,37,PIT,NL,0.9,120,449,392,44,96,17,1,10,52,5,3,50,94,0.245,0.33,0.37,0.7,93,0.317,96,145,12,2,0,5,3,*7/H9D,
179,Austin Wells*,25,NYY,AL,0.1,126,448,401,51,88,22,1,21,71,5,1,30,118,0.219,0.275,0.436,0.712,94,0.305,91,175,10,5,0,11,0,*2/HD,
180,Austin Riley,28,ATL,NL,1.4,102,447,416,54,108,20,1,16,54,2,1,27,128,0.26,0.309,0.428,0.737,106,0.321,106,178,9,3,0,1,1,5,
181,Andrew Vaughn,27,2TM,2LG,-0.5,112,447,406,35,103,22,0,14,65,0,0,31,80,0.254,0.307,0.411,0.719,99,0.311,95,167,12,3,1,6,0,3D/H,
181,Andrew Vaughn,27,CHW,AL,-1.8,48,193,185,9,35,8,0,5,19,0,0,7,43,0.189,0.218,0.314,0.531,47,0.229,36,58,4,0,0,1,0,3D/H,
181,Andrew Vaughn,27,MIL,NL,1.3,64,254,221,26,68,14,0,9,46,0,0,24,37,0.308,0.375,0.493,0.869,140,0.374,138,109,8,3,1,5,0,3/H,
182,Drake Baldwin*,24,ATL,NL,3.4,124,446,405,56,111,18,2,19,80,0,0,38,68,0.274,0.341,0.469,0.81,127,0.358,132,190,9,3,0,0,0,2HD,ROY-1
183,Carlos Narváez,26,BOS,AL,2.8,118,446,403,51,97,27,0,15,50,1,1,38,111,0.241,0.306,0.419,0.726,102,0.311,100,169,12,1,2,2,0,*2/HD,ROY-6
184,Corey Seager*,31,TEX,AL,6.1,102,445,380,61,103,19,0,21,50,3,0,58,87,0.271,0.373,0.487,0.86,149,0.37,152,185,13,5,0,2,10,6/D,
185,Isaac Collins#,27,MIL,NL,2,130,441,372,56,98,22,3,9,54,16,7,57,93,0.263,0.368,0.411,0.779,117,0.354,124,153,8,6,3,3,0,*7H/9D54,ROY-4
186,Chandler Simpson*,24,TBR,AL,0.3,109,441,414,53,122,15,3,0,26,44,12,20,43,0.295,0.326,0.345,0.671,88,0.306,85,143,10,0,3,2,0,87/HD9,ROY-13
187,Nathan Lukes*,30,TOR,AL,1.9,135,438,388,55,99,19,2,12,65,2,4,38,60,0.255,0.323,0.407,0.73,98,0.313,97,158,12,2,7,3,2,*978H/D,
188,Isaac Paredes,26,HOU,AL,2.4,102,438,378,53,96,15,1,20,53,0,1,50,76,0.254,0.352,0.458,0.809,124,0.353,128,173,10,8,0,2,0,5D/H,AS
189,Javier Báez,32,DET,AL,2,126,437,417,55,107,17,3,12,57,5,1,10,109,0.257,0.282,0.398,0.68,87,0.297,85,166,8,6,0,3,0,6854/H,AS
190,Matt Shaw,23,CHC,NL,3,126,437,393,57,89,21,3,13,44,17,5,38,94,0.226,0.295,0.394,0.69,97,0.309,99,155,2,2,0,4,0,*5/H4,ROY-9
191,Nolan Arenado,34,STL,NL,1.3,107,436,401,48,95,18,1,12,52,3,0,28,49,0.237,0.289,0.377,0.666,87,0.297,87,151,10,3,0,4,4,5/DH,
192,Will Smith,30,LAD,NL,4.4,110,436,362,64,107,20,1,17,61,2,3,64,89,0.296,0.404,0.497,0.901,153,0.387,151,180,7,5,0,5,1,2H/D,"AS,MVP-20"
193,Josh Lowe*,27,TBR,AL,0.1,108,435,396,56,87,21,2,11,40,18,4,33,109,0.22,0.283,0.366,0.65,80,0.289,76,145,7,3,1,2,1,9/HD,
194,Jonah Heim#,30,TEX,AL,0.3,124,433,395,38,84,14,0,11,43,3,0,32,88,0.213,0.271,0.332,0.602,75,0.276,81,131,10,1,1,4,0,2DH,
195,Brett Baty*,25,NYM,NL,3,130,432,393,53,100,13,2,18,50,8,0,33,108,0.254,0.313,0.435,0.748,110,0.336,112,171,6,2,0,3,0,54H/D,
196,Luis Robert Jr.,27,CHW,AL,1.4,110,431,382,52,85,12,0,14,53,33,8,40,112,0.223,0.297,0.364,0.661,85,0.307,87,139,8,2,1,3,3,8/DH,
197,Jasson Domínguez#,22,NYY,AL,0.5,123,429,381,58,98,18,1,10,47,23,5,41,115,0.257,0.331,0.388,0.719,100,0.324,101,148,5,3,0,4,1,7HD,ROY-13
198,Tyler Freeman,26,COL,NL,-1.3,110,428,377,50,106,20,2,2,31,18,9,34,51,0.281,0.354,0.361,0.715,93,0.324,94,136,10,11,2,4,0,9D4H/57,
199,Jake Mangum#,29,TBR,AL,1.6,118,428,405,37,120,18,1,3,40,27,6,19,64,0.296,0.33,0.368,0.698,95,0.312,92,149,4,2,1,1,0,*789/HD,
200,Brandon Marsh*,27,PHI,NL,1.6,133,425,379,59,106,25,2,11,43,7,1,38,110,0.28,0.342,0.443,0.785,113,0.346,112,168,2,0,3,4,1,*87H/9,
201,Jonathan Aranda*,27,TBR,AL,3.5,106,422,370,56,117,22,0,14,59,0,2,41,107,0.316,0.393,0.489,0.883,145,0.377,146,181,9,8,0,3,3,3DH,AS
202,Daniel Schneemann*,28,CLE,AL,1.9,131,422,379,48,78,18,1,12,41,9,3,38,117,0.206,0.283,0.354,0.636,77,0.288,78,134,4,3,1,1,1,458H96/7D,
203,Carson Kelly,30,CHC,NL,3.5,111,421,369,48,92,13,1,17,50,2,0,45,80,0.249,0.333,0.428,0.761,118,0.337,121,158,11,3,0,4,0,2/HD,
204,Wilyer Abreu*,26,BOS,AL,3.4,115,417,373,53,92,17,0,22,69,6,3,40,101,0.247,0.317,0.469,0.786,118,0.332,115,175,8,0,1,3,5,9H/D,GG
205,Nick Allen,26,ATL,NL,0.7,135,416,371,32,82,11,0,0,22,8,7,31,99,0.221,0.284,0.251,0.535,54,0.243,53,93,8,3,8,3,0,*6/4H,
206,Austin Hays,29,CIN,NL,0.8,103,416,380,60,101,16,5,15,64,7,0,29,107,0.266,0.315,0.453,0.768,107,0.335,102,172,9,1,0,6,2,7D/H,
207,Bo Naylor*,25,CLE,AL,1.6,123,414,359,46,70,22,1,14,47,1,2,45,99,0.195,0.282,0.379,0.661,83,0.289,81,136,4,1,3,6,0,*2H,
208,Ronald Acuña Jr.,27,ATL,NL,3.1,95,412,338,74,98,12,1,21,42,9,1,71,102,0.29,0.417,0.518,0.935,164,0.407,164,175,5,3,0,0,4,9/DH,AS
209,Spencer Horwitz*,27,PIT,NL,1.5,108,411,364,55,99,26,0,11,51,0,1,44,73,0.272,0.353,0.434,0.787,116,0.346,117,158,7,2,0,1,1,3H/4D,
210,Kyle Isbel*,28,KCR,AL,1.6,135,409,368,42,94,16,4,4,33,4,5,23,74,0.255,0.301,0.353,0.654,83,0.284,80,130,7,2,13,3,0,*8/H,
211,Nick Gonzales,26,PIT,NL,-0.7,96,408,381,39,99,18,3,5,30,0,2,21,73,0.26,0.299,0.362,0.661,81,0.293,80,138,12,2,0,4,0,46,
212,Nolan Jones*,27,CLE,AL,-1,136,403,355,34,75,14,2,5,34,8,3,39,113,0.211,0.296,0.304,0.6,69,0.272,67,108,6,5,1,3,1,*98H7/D,
213,Royce Lewis,26,MIN,AL,0.6,106,403,376,36,89,18,0,13,52,12,2,25,80,0.237,0.283,0.388,0.671,84,0.303,86,146,7,0,0,2,0,5/DH,
214,Edgar Quero#,22,CHW,AL,1.2,111,403,365,31,98,17,0,5,36,0,1,32,71,0.268,0.333,0.356,0.689,94,0.308,95,130,8,4,0,2,0,2DH,
215,Nolan Gorman*,25,STL,NL,0.1,111,402,351,48,72,14,1,14,46,1,1,47,136,0.205,0.296,0.37,0.666,88,0.294,87,130,1,0,0,4,2,54D/H3,
216,Mauricio Dubón,30,HOU,AL,1.7,133,398,369,43,89,21,0,7,33,3,0,24,42,0.241,0.289,0.355,0.644,79,0.281,73,131,12,1,3,1,0,74658H/39,GG
217,Jordan Walker,23,STL,NL,-1.7,111,396,363,40,78,13,1,6,41,10,3,29,126,0.215,0.278,0.306,0.584,66,0.273,70,111,9,3,0,1,1,9/HD,
218,Matt Wallner*,27,MIN,AL,0.6,104,392,336,47,68,16,3,22,40,4,3,46,114,0.202,0.311,0.464,0.776,111,0.337,114,156,3,8,0,2,0,9D/H,
219,Ramón Urías,31,2TM,AL,2.2,112,391,352,33,85,17,0,11,44,3,0,27,88,0.241,0.292,0.384,0.675,89,0.296,87,135,6,2,0,10,0,54H/3D,
219,Ramón Urías,31,BAL,AL,1.5,77,290,258,27,64,12,0,8,34,2,0,21,60,0.248,0.3,0.388,0.688,93,0.301,91,100,5,2,0,9,0,5/H3D4,
219,Ramón Urías,31,HOU,AL,0.7,35,101,94,6,21,5,0,3,10,1,0,6,28,0.223,0.267,0.372,0.64,76,0.285,75,35,1,0,0,1,0,45/H,
220,Liam Hicks*,26,MIA,NL,1.3,119,390,332,37,82,13,1,6,45,2,0,43,56,0.247,0.346,0.346,0.693,95,0.32,100,115,5,9,3,3,0,23HD,
221,Ezequiel Tovar,23,COL,NL,0.6,95,390,360,44,91,18,4,9,33,5,3,21,98,0.253,0.294,0.4,0.694,84,0.305,81,144,2,1,6,2,0,6,
222,Pedro Pagés,26,STL,NL,1.4,112,389,361,38,83,15,0,11,45,0,0,19,107,0.23,0.272,0.363,0.635,78,0.278,75,131,9,3,3,3,1,*2/34,
223,Max Muncy*,34,LAD,NL,3.5,100,388,313,48,76,10,2,19,67,4,0,64,83,0.243,0.376,0.47,0.846,137,0.37,136,147,4,6,0,5,2,5H,
224,Victor Caratini#,31,HOU,AL,0.9,114,386,344,35,89,14,0,12,46,1,0,23,65,0.259,0.324,0.404,0.728,102,0.319,102,139,8,13,0,6,0,2DH3,
225,Kody Clemens*,29,2TM,2LG,1.1,119,386,348,46,74,12,4,19,52,5,1,29,93,0.213,0.281,0.434,0.715,94,0.306,89,151,4,5,2,2,1,34H79/18D,
225,Kody Clemens*,29,PHI,NL,-0.1,7,7,6,0,0,0,0,0,0,0,0,1,0,0,0.143,0,0.143,-56,0.1,-60,0,0,0,0,0,0,/H47D,
225,Kody Clemens*,29,MIN,AL,1.2,112,379,342,46,74,12,4,19,52,5,1,28,93,0.216,0.284,0.442,0.725,97,0.31,92,151,4,5,2,2,1,3497H/18,
226,Mike Tauchman*,34,CHW,AL,1.9,93,385,335,44,88,17,1,9,40,0,0,45,86,0.263,0.356,0.4,0.756,112,0.339,117,134,5,4,0,1,0,9D/H,
227,Wenceel Pérez#,25,DET,AL,0.8,100,383,344,47,84,17,4,13,43,8,3,31,87,0.244,0.308,0.43,0.738,103,0.316,99,148,5,3,0,5,0,98/H7D,
228,Brayan Rocchio#,24,CLE,AL,-0.2,115,383,344,34,80,18,2,5,44,8,4,22,77,0.233,0.29,0.34,0.63,76,0.278,72,117,4,8,4,5,0,64/H,
229,Jake Meyers,29,HOU,AL,2.5,104,381,343,53,100,15,2,3,24,16,5,31,67,0.292,0.354,0.373,0.727,104,0.333,110,128,9,3,2,2,0,8/H,
230,Tommy Edman#,30,LAD,NL,1.1,97,377,346,49,78,13,1,13,49,3,1,19,61,0.225,0.274,0.382,0.655,83,0.302,88,132,4,6,1,5,0,485/HD,
231,Jake Burger,29,TEX,AL,0.8,103,376,356,43,84,15,1,16,53,1,1,12,93,0.236,0.269,0.419,0.687,97,0.298,99,149,3,5,0,3,0,3DH,
232,Jared Triolo,27,PIT,NL,2.2,107,376,331,41,75,18,2,7,24,13,2,39,76,0.227,0.311,0.356,0.667,84,0.318,92,118,4,2,3,1,1,6534/H1D,
233,Jurickson Profar#,32,ATL,NL,1.2,80,371,318,56,78,16,1,14,43,9,2,48,59,0.245,0.353,0.434,0.787,122,0.355,127,138,4,5,0,0,0,7/D,
234,José Caballero,28,2TM,AL,2.9,126,370,314,52,74,18,1,5,36,49,11,47,98,0.236,0.339,0.347,0.686,93,0.331,99,109,1,3,4,2,0,6954H7/D81,
234,José Caballero,28,TBR,AL,1.7,86,275,235,37,53,12,1,2,27,34,8,33,80,0.226,0.327,0.311,0.638,80,0.309,84,73,1,3,3,1,0,6594H/78D1,
234,José Caballero,28,NYY,AL,1.1,40,95,79,15,21,6,0,3,9,15,3,14,18,0.266,0.372,0.456,0.828,129,0.396,143,36,0,0,1,1,0,965/H47D,
235,Andrés Giménez*,26,TOR,AL,1.1,101,369,329,39,69,11,1,7,35,12,2,25,66,0.21,0.285,0.313,0.598,64,0.277,64,103,8,11,1,3,0,46/H,
236,Adley Rutschman#,27,BAL,AL,1.9,90,365,322,37,71,16,2,9,29,0,0,40,57,0.22,0.307,0.366,0.673,90,0.297,89,118,8,1,0,2,0,2D/H,
237,Jacob Young,25,WSN,NL,1.3,120,364,324,34,75,10,1,2,31,15,11,27,65,0.231,0.296,0.287,0.583,67,0.268,70,93,7,3,9,1,0,*8H/D,
238,Colton Cowser*,25,BAL,AL,1,92,360,327,36,64,14,0,16,40,14,0,27,128,0.196,0.269,0.385,0.655,83,0.292,79,126,5,6,0,0,1,87/9HD,
239,Noelvi Marté,23,CIN,NL,1.4,90,360,339,45,89,17,2,14,51,10,3,16,85,0.263,0.3,0.448,0.748,101,0.337,104,152,7,3,0,2,0,95/H8D,
240,Ryan Mountcastle,28,BAL,AL,0.1,89,357,332,34,83,18,0,7,35,3,0,15,98,0.25,0.286,0.367,0.653,83,0.302,91,122,10,4,0,6,0,3D/H,
241,Jordan Westburg,26,BAL,AL,1.6,85,352,328,59,87,10,1,17,41,1,2,17,80,0.265,0.313,0.457,0.77,114,0.334,118,150,5,6,0,1,0,54D/H,
242,Daylen Lile*,22,WSN,NL,0.7,91,351,321,51,96,15,11,9,41,8,6,21,56,0.299,0.347,0.498,0.845,136,0.368,140,160,5,4,1,3,0,97D/H,ROY-5
243,Casey Schmitt,26,SFG,NL,0.6,95,348,312,34,74,15,0,12,40,0,0,27,83,0.237,0.305,0.401,0.706,101,0.311,101,125,6,5,1,3,1,453/H6D,
244,Freddy Fermin,30,2TM,2LG,2,109,347,319,32,80,13,0,5,26,1,2,19,65,0.251,0.297,0.339,0.636,78,0.284,78,108,5,2,7,0,1,2/HD4,
244,Freddy Fermin,30,KCR,AL,1.1,67,208,192,17,49,7,0,3,12,1,2,13,37,0.255,0.309,0.339,0.648,82,0.284,80,65,2,2,1,0,1,2/HD4,
244,Freddy Fermin,30,SDP,NL,0.9,42,139,127,15,31,6,0,2,14,0,0,6,28,0.244,0.278,0.339,0.617,72,0.285,75,43,3,0,6,0,0,2/H,
245,JJ Bleday*,27,ATH,AL,-0.5,98,344,307,48,65,17,0,14,39,1,2,36,91,0.212,0.294,0.404,0.698,90,0.3,82,124,6,0,0,1,2,89H7/D,
246,Jose Iglesias,35,SDP,NL,-0.6,112,343,306,29,70,11,0,3,36,5,1,24,56,0.229,0.298,0.294,0.592,67,0.288,76,90,7,7,4,2,0,465HD/7,
247,Javier Sanoja,22,MIA,NL,1.6,118,342,313,40,76,22,4,6,38,6,5,19,41,0.243,0.287,0.396,0.683,89,0.307,94,124,2,2,4,4,0,574H86/13D,GG
248,Tyler Stephenson,28,CIN,NL,1.3,88,342,299,40,69,18,0,13,50,0,1,37,116,0.231,0.316,0.421,0.737,99,0.327,100,126,4,2,0,4,1,2D/H,
249,Romy González,28,BOS,AL,2.1,96,341,315,47,96,23,3,9,53,6,5,18,81,0.305,0.343,0.483,0.826,130,0.363,140,152,8,3,0,5,1,34H/D5,
250,Tyrone Taylor,31,NYM,NL,1,113,341,310,34,69,18,3,2,27,12,2,16,76,0.223,0.279,0.319,0.598,70,0.276,69,99,4,9,3,2,1,*8H/79,
251,Miguel Andujar,30,2TM,2LG,0.6,94,341,321,36,102,17,1,10,44,1,0,17,49,0.318,0.352,0.47,0.822,124,0.355,120,151,8,1,0,2,1,57DH/39,
251,Miguel Andujar,30,ATH,AL,0,60,231,218,22,65,10,1,6,27,1,0,11,30,0.298,0.329,0.436,0.765,109,0.33,102,95,5,0,0,2,1,57/H9D3,
251,Miguel Andujar,30,CIN,NL,0.6,34,110,103,14,37,7,0,4,17,0,0,6,19,0.359,0.4,0.544,0.944,155,0.407,156,56,3,1,0,0,0,DH/37,
252,Sean Murphy,30,ATL,NL,2.5,94,337,291,34,58,13,0,16,45,0,0,35,105,0.199,0.3,0.409,0.709,99,0.314,101,119,9,8,0,3,1,2H/D,
253,Connor Norby,25,MIA,NL,0.8,88,337,311,42,78,17,1,8,34,8,2,18,90,0.251,0.3,0.389,0.689,91,0.317,97,121,3,5,0,3,0,5/HD,
254,Michael Toglia#,26,COL,NL,-1.6,88,337,306,22,58,15,1,11,32,3,0,28,132,0.19,0.258,0.353,0.611,62,0.272,55,108,7,1,0,2,2,3/DH,
255,Danny Jansen,30,2TM,2LG,2.8,98,337,288,38,62,11,0,14,36,0,0,42,86,0.215,0.321,0.399,0.721,100,0.321,103,115,5,4,1,2,0,2H/D,
255,Danny Jansen,30,TBR,AL,2.1,73,259,221,28,45,8,0,11,29,0,0,33,68,0.204,0.314,0.389,0.703,95,0.312,97,86,4,3,1,1,0,2/H,
255,Danny Jansen,30,MIL,NL,0.7,25,78,67,10,17,3,0,3,7,0,0,9,18,0.254,0.346,0.433,0.779,116,0.352,122,29,1,1,0,1,0,2/HD,
256,Dane Myers,29,MIA,NL,-0.1,106,333,307,29,72,10,0,6,31,18,5,23,77,0.235,0.291,0.326,0.617,73,0.284,71,100,12,2,0,1,0,89H7/D,
257,Joey Bart,28,PIT,NL,0.4,93,332,285,21,71,12,1,4,30,1,1,40,93,0.249,0.355,0.34,0.696,93,0.32,98,97,14,7,0,0,0,2/HD,
258,Luis Urías,28,ATH,AL,0.3,96,330,287,27,66,7,0,8,25,2,1,31,45,0.23,0.315,0.338,0.653,81,0.302,82,97,9,6,0,3,0,4/5H,
259,Starling Marte,36,NYM,NL,1,98,329,293,37,79,14,0,9,34,7,2,22,68,0.27,0.335,0.41,0.745,110,0.331,110,120,7,9,1,4,0,DH/79,
260,Brooks Baldwin#,24,CHW,AL,-0.5,103,328,300,32,72,15,1,11,38,5,0,21,86,0.24,0.29,0.407,0.697,93,0.307,91,122,9,1,4,2,0,7895H46,
261,Santiago Espinal,30,CIN,NL,-1.4,114,328,301,25,73,12,0,0,16,2,1,21,38,0.243,0.292,0.282,0.575,58,0.257,49,85,11,1,3,2,0,54H7/93D6,
262,Rhys Hoskins,32,MIL,NL,0.8,90,328,279,30,66,12,1,12,43,2,1,38,91,0.237,0.332,0.416,0.748,107,0.331,107,116,6,5,0,6,2,3/HD,
263,Kyle Higashioka,35,TEX,AL,1.5,94,327,303,33,73,14,1,11,47,3,1,20,72,0.241,0.291,0.403,0.693,100,0.305,104,122,5,2,0,2,0,2D/H,
264,Trey Sweeney*,25,DET,AL,-0.8,118,326,296,36,58,6,2,6,32,3,1,26,92,0.196,0.258,0.291,0.548,53,0.248,50,86,2,0,0,4,0,*6H,
265,Michael A. Taylor,34,CHW,AL,0.1,134,325,295,33,59,20,1,9,35,8,3,23,110,0.2,0.259,0.366,0.625,73,0.268,64,108,7,1,4,2,1,*879H/D,
266,Dylan Crews,23,WSN,NL,0.3,85,322,293,43,61,8,2,10,27,17,5,24,76,0.208,0.28,0.352,0.631,78,0.288,78,103,4,5,0,0,0,98/D,
267,Alex Call,30,2TM,NL,1.4,110,322,270,43,72,13,2,5,31,2,1,36,55,0.267,0.361,0.385,0.746,112,0.338,117,104,6,6,6,4,0,97H/D8,
267,Alex Call,30,WSN,NL,1.1,72,237,197,30,54,9,2,3,26,1,1,26,36,0.274,0.371,0.386,0.756,116,0.345,122,76,5,6,5,3,0,97H/D8,
267,Alex Call,30,LAD,NL,0.3,38,85,73,13,18,4,0,2,5,1,0,10,19,0.247,0.333,0.384,0.717,102,0.321,100,28,1,0,1,1,0,7H9/8D,
268,Miguel Rojas,36,LAD,NL,2.1,114,317,290,35,76,18,0,7,27,5,0,24,46,0.262,0.318,0.397,0.715,101,0.319,98,115,7,0,3,0,1,456H/13,
269,Taylor Walls#,28,TBR,AL,2.5,101,317,282,36,62,14,1,4,38,14,6,26,70,0.22,0.28,0.319,0.599,67,0.269,65,90,1,0,3,6,0,6/H45D,
270,Jorge Soler,33,LAA,AL,-0.3,82,315,279,31,60,12,0,12,34,0,0,28,94,0.215,0.293,0.387,0.68,90,0.303,92,108,5,4,0,3,0,9D/H,
271,Rowdy Tellez*,30,2TM,AL,-0.4,112,312,289,34,66,11,0,17,49,1,0,17,83,0.228,0.276,0.443,0.719,104,0.308,103,128,9,3,0,3,0,3H/D1,
271,Rowdy Tellez*,30,SEA,AL,-0.8,62,185,173,20,36,6,0,11,27,1,0,8,49,0.208,0.249,0.434,0.682,92,0.289,87,75,6,2,0,2,0,3/HD,
271,Rowdy Tellez*,30,TEX,AL,0.4,50,127,116,14,30,5,0,6,22,0,0,9,34,0.259,0.315,0.457,0.772,122,0.336,127,53,3,1,0,1,0,3H/D1,
272,Gabriel Moreno,25,ARI,NL,1.6,83,309,277,44,79,12,1,9,40,2,2,29,53,0.285,0.353,0.433,0.786,118,0.341,116,120,6,1,0,2,3,2/DH,
273,Joc Pederson*,33,TEX,AL,-0.3,96,306,265,28,48,10,1,9,26,2,0,34,65,0.181,0.285,0.328,0.614,79,0.278,83,87,5,5,0,1,0,DH/39,
274,Christopher Morel,26,TBR,AL,-0.3,105,305,278,37,61,16,0,11,33,7,2,25,109,0.219,0.289,0.396,0.684,89,0.306,91,110,8,2,0,0,0,7HD/94,
275,Roman Anthony*,21,BOS,AL,3.3,71,303,257,48,75,18,1,8,32,4,1,40,84,0.292,0.396,0.463,0.859,142,0.375,145,119,2,5,0,1,0,97D/H,ROY-3
276,Jose Trevino,32,CIN,NL,-0.1,93,302,282,30,67,20,0,4,22,0,0,15,39,0.238,0.272,0.351,0.623,69,0.278,64,99,9,0,1,4,0,2/D1H,
277,Kyle Farmer,34,COL,NL,-0.7,97,300,277,24,63,14,0,8,31,0,1,17,66,0.227,0.28,0.365,0.645,71,0.288,69,101,9,4,0,2,0,4D3H65/1,
278,Myles Straw,30,TOR,AL,2.8,137,299,267,51,70,14,1,4,32,12,1,19,50,0.262,0.313,0.367,0.68,86,0.311,86,98,5,1,11,1,0,*87H9/4,
279,Kyle Teel*,23,CHW,AL,1.9,78,297,253,38,69,11,0,8,35,3,1,37,77,0.273,0.375,0.411,0.786,121,0.353,127,104,1,5,1,1,0,2D/H7,
280,Thomas Saggese,23,STL,NL,0.4,82,295,275,25,71,17,0,2,25,3,0,16,83,0.258,0.299,0.342,0.641,82,0.288,81,94,5,1,1,2,0,465/HD,
281,Ben Williamson,24,SEA,AL,1.2,85,295,277,36,70,13,0,1,21,5,1,15,64,0.253,0.294,0.31,0.604,76,0.272,73,86,5,1,2,0,0,5/H,
282,Heriberto Hernández,25,MIA,NL,1,87,294,256,40,68,12,1,10,45,1,1,31,77,0.266,0.347,0.438,0.784,118,0.344,118,112,6,3,0,4,0,7D9H,ROY-13
283,Coby Mayo,23,BAL,AL,0.2,85,294,263,30,57,12,0,11,28,3,0,27,84,0.217,0.299,0.388,0.687,93,0.303,92,102,2,4,0,0,0,3/DH5,
284,Randal Grichuk,33,2TM,2LG,-0.8,113,293,272,35,62,18,1,9,27,0,1,17,61,0.228,0.273,0.401,0.674,85,0.293,83,109,6,1,0,3,1,HD97/8,
284,Randal Grichuk,33,ARI,NL,-0.4,70,188,175,25,42,15,1,7,22,0,1,10,39,0.24,0.277,0.457,0.734,100,0.317,99,80,5,0,0,3,1,DH9/78,
284,Randal Grichuk,33,KCR,AL,-0.4,43,105,97,10,20,3,0,2,5,0,0,7,22,0.206,0.267,0.299,0.566,59,0.251,53,29,1,1,0,0,0,9H7/D8,
285,Mitch Garver,34,SEA,AL,-0.2,87,290,254,29,53,5,1,9,30,3,0,30,80,0.209,0.297,0.343,0.639,85,0.286,84,87,6,3,0,3,1,2DH,
286,Yoán Moncada#,30,LAA,AL,0.8,84,289,248,39,58,13,2,12,35,0,0,32,75,0.234,0.336,0.448,0.783,118,0.339,119,111,4,7,0,2,1,5H/D,
287,Pavin Smith*,29,ARI,NL,0.5,87,288,244,36,63,17,1,8,28,2,2,41,92,0.258,0.362,0.434,0.797,121,0.35,122,106,7,0,0,2,1,D3H,
288,Riley Adams,29,WSN,NL,0.3,83,286,263,29,49,8,0,8,24,1,0,18,110,0.186,0.252,0.308,0.56,58,0.258,59,81,6,5,0,0,0,2/H3D,
289,Colson Montgomery*,23,CHW,AL,3.3,71,284,255,43,61,9,1,21,55,0,0,25,83,0.239,0.311,0.529,0.84,130,0.357,130,135,3,2,0,1,1,65/H,ROY-5
290,Abraham Toro#,28,BOS,AL,-0.1,77,284,259,33,62,13,0,7,27,2,1,14,42,0.239,0.289,0.371,0.659,84,0.299,91,96,1,6,0,5,1,35/H1,
291,Henry Davis,25,PIT,NL,0.6,87,283,252,25,42,7,0,7,22,2,1,18,76,0.167,0.234,0.278,0.512,40,0.237,38,70,2,5,3,3,0,2/HD,
292,Elias Díaz,34,SDP,NL,-0.1,106,283,255,34,52,7,0,9,29,0,0,21,74,0.204,0.27,0.337,0.607,69,0.271,65,86,11,2,5,0,0,2H,
293,Luis Torrens,29,NYM,NL,1.3,92,283,261,20,59,14,1,5,29,1,0,19,56,0.226,0.284,0.345,0.629,77,0.283,77,90,7,2,1,0,0,2H/1D3,
294,Giancarlo Stanton,35,NYY,AL,1.8,77,281,249,36,68,8,0,24,66,0,0,29,96,0.273,0.35,0.594,0.944,156,0.398,161,148,5,1,0,1,3,D9H/7,
295,Francisco Alvarez,23,NYM,NL,1.8,76,277,246,32,63,12,1,11,32,0,0,27,73,0.256,0.339,0.447,0.787,121,0.35,125,110,6,4,0,0,0,2/HD,
296,Michael Massey*,27,KCR,AL,-0.1,77,277,262,20,64,9,0,3,20,2,1,9,43,0.244,0.268,0.313,0.581,63,0.255,57,82,3,1,1,4,0,47/HD,
297,Brady House,22,WSN,NL,-0.6,73,274,261,26,61,11,0,4,29,5,3,8,78,0.234,0.252,0.322,0.574,62,0.252,56,84,11,0,0,5,0,5/H,
298,Daulton Varsho*,28,TOR,AL,2.7,71,271,248,43,59,13,2,20,55,2,0,17,77,0.238,0.284,0.548,0.833,120,0.343,115,136,1,1,0,5,1,8/HD,
299,Eli White,31,ATL,NL,0.7,105,271,256,43,60,8,3,10,35,10,1,11,70,0.234,0.27,0.406,0.677,89,0.308,92,104,2,2,1,1,1,97H/D83,
300,Dominic Canzone*,27,SEA,AL,1.6,82,269,243,30,73,11,0,11,32,3,1,20,59,0.3,0.358,0.481,0.84,140,0.361,140,117,6,3,0,2,0,9H/D,
301,Keibert Ruiz#,26,WSN,NL,0.8,68,267,255,19,63,12,0,2,25,0,2,8,26,0.247,0.277,0.318,0.595,69,0.271,72,81,4,3,0,1,0,2/H,
302,Blaze Alexander,26,ARI,NL,1.7,74,266,230,31,53,12,1,7,28,4,6,22,86,0.23,0.323,0.383,0.706,96,0.315,102,88,5,10,3,1,0,54/H78D,
303,Oswald Peraza,25,2TM,AL,-0.6,106,265,244,24,40,6,0,5,20,9,0,17,80,0.164,0.223,0.25,0.473,32,0.225,28,61,6,2,0,1,0,5H346/1D,
303,Oswald Peraza,25,NYY,AL,-0.2,71,170,158,18,24,5,0,3,13,3,0,11,47,0.152,0.212,0.241,0.452,26,0.214,23,38,3,1,0,0,0,54/H6D,
303,Oswald Peraza,25,LAA,AL,-0.4,35,95,86,6,16,1,0,2,7,6,0,6,33,0.186,0.245,0.267,0.512,45,0.243,37,23,3,1,0,1,0,35H/61,
304,Curtis Mead,24,2TM,AL,-0.2,90,264,240,26,56,10,1,3,19,5,1,15,63,0.233,0.299,0.321,0.62,74,0.282,73,77,9,8,0,1,0,35H4/D,
304,Curtis Mead,24,TBR,AL,0.4,49,132,115,14,26,2,1,3,8,4,1,12,33,0.226,0.318,0.339,0.657,84,0.304,89,39,4,4,0,1,0,34H/5D,
304,Curtis Mead,24,CHW,AL,-0.6,41,132,125,12,30,8,0,0,11,1,0,3,30,0.24,0.28,0.304,0.584,64,0.26,58,38,5,4,0,0,0,53/HD,
305,Kristian Campbell,23,BOS,AL,-0.9,67,263,229,24,51,10,0,6,21,2,1,29,72,0.223,0.319,0.345,0.664,88,0.299,91,79,1,4,0,1,0,4/8H7D,
306,Edmundo Sosa,29,PHI,NL,2.3,89,261,243,30,67,12,1,11,39,1,1,10,56,0.276,0.307,0.469,0.777,108,0.337,109,114,7,2,3,2,0,456H/78D,
307,Cole Young*,21,SEA,AL,0.4,77,257,223,24,47,7,1,4,24,1,0,28,47,0.211,0.302,0.305,0.607,77,0.272,75,68,4,2,2,2,1,4/H6D,
308,Kiké Hernández,33,LAD,NL,0.2,92,256,232,30,47,8,0,10,35,0,0,18,68,0.203,0.255,0.366,0.621,73,0.276,71,85,7,0,1,5,0,357H4/81D,
309,Will Benson*,27,CIN,NL,0.6,90,253,230,31,52,8,2,12,41,2,2,16,67,0.226,0.273,0.435,0.708,89,0.301,82,100,4,1,0,6,1,97H8/D,
310,Tyler Fitzgerald,27,SFG,NL,0.8,72,243,217,19,47,10,1,4,14,9,4,17,70,0.217,0.278,0.327,0.606,74,0.276,75,71,3,2,6,1,0,4/H9,
311,Dylan Moore,32,2TM,AL,0.3,106,243,219,35,44,5,0,11,25,14,5,20,82,0.201,0.267,0.374,0.642,84,0.288,85,82,1,1,0,3,0,H4935/6D8,
311,Dylan Moore,32,SEA,AL,0.2,88,213,192,29,37,5,0,9,19,12,4,19,76,0.193,0.263,0.359,0.622,78,0.283,80,69,1,0,0,2,0,H9435/6D8,
311,Dylan Moore,32,TEX,AL,0.2,18,30,27,6,7,0,0,2,6,2,1,1,6,0.259,0.3,0.481,0.781,123,0.326,120,13,0,1,0,1,0,4/HD39,
312,LaMonte Wade Jr.*,31,2TM,2LG,-1.7,80,242,209,19,35,8,2,2,18,1,0,27,58,0.167,0.271,0.254,0.524,52,0.247,53,53,2,3,2,1,1,39H/D7,
312,LaMonte Wade Jr.*,31,SFG,NL,-1.2,50,169,144,12,24,8,2,1,15,0,0,21,35,0.167,0.275,0.271,0.546,58,0.255,61,39,2,1,2,1,1,3/HD,
312,LaMonte Wade Jr.*,31,LAA,AL,-0.5,30,73,65,7,11,0,0,1,3,1,0,6,23,0.169,0.26,0.215,0.476,37,0.227,35,14,0,2,0,0,0,9/H37,
313,Nick Fortes,28,2TM,2LG,0.7,97,242,218,19,50,9,1,5,21,1,0,14,47,0.229,0.296,0.349,0.644,80,0.293,81,76,7,7,2,1,0,2H/D,
313,Nick Fortes,28,MIA,NL,0.5,59,141,129,11,31,6,1,2,10,0,0,7,22,0.24,0.288,0.349,0.637,77,0.278,71,45,4,2,2,1,0,2/HD,
313,Nick Fortes,28,TBR,AL,0.3,38,101,89,8,19,3,0,3,11,1,0,7,25,0.213,0.307,0.348,0.655,83,0.313,96,31,3,5,0,0,0,2/HD,
314,Dylan Carlson#,26,BAL,AL,-0.7,83,241,217,17,44,9,1,6,20,3,3,21,54,0.203,0.278,0.336,0.614,73,0.274,75,73,3,2,0,1,0,798H,
315,Alexander Canario,25,PIT,NL,0.4,87,234,216,25,47,6,1,6,20,3,1,17,80,0.218,0.274,0.338,0.611,67,0.279,68,73,5,0,0,1,0,789H/D,
316,Jakob Marsee*,24,MIA,NL,1.9,55,234,209,28,61,18,3,5,33,14,6,22,48,0.292,0.363,0.478,0.842,134,0.365,132,100,2,2,0,1,0,87/9H,ROY-8
317,Jac Caglianone*,22,KCR,AL,-1.3,62,232,210,19,33,6,1,7,18,1,0,18,52,0.157,0.237,0.295,0.532,49,0.238,43,62,4,4,0,0,0,93/DH,
318,Travis d'Arnaud,36,LAA,AL,-0.2,69,231,213,16,42,13,0,6,21,0,0,13,74,0.197,0.255,0.343,0.598,67,0.26,61,73,5,4,0,1,0,2/HD,
319,Davis Schneider,26,TOR,AL,1.3,82,227,188,33,44,5,0,11,31,3,1,36,60,0.234,0.361,0.436,0.797,117,0.36,127,82,4,2,0,1,0,74H/5D,
320,Dominic Smith*,30,SFG,NL,0.4,63,225,204,26,58,12,0,5,33,2,0,15,42,0.284,0.333,0.417,0.75,114,0.329,112,85,5,2,0,4,0,3/HD9,
321,Tim Tawa,26,ARI,NL,0.5,74,225,199,29,40,8,0,7,18,8,2,20,64,0.201,0.274,0.347,0.62,72,0.284,71,69,6,1,2,3,0,4387H/59,
322,Jake McCarthy*,27,ARI,NL,-0.6,67,222,206,18,42,7,5,4,20,6,0,10,40,0.204,0.247,0.345,0.591,63,0.271,60,71,2,2,3,1,0,789/HD,
323,Anthony Santander#,30,TOR,AL,-1,54,221,194,16,34,5,0,6,18,0,0,25,61,0.175,0.271,0.294,0.565,55,0.253,50,57,6,1,0,1,1,D9/7H3,
324,Evan Carter*,22,TEX,AL,1.9,63,220,194,31,48,9,2,5,25,14,2,19,41,0.247,0.336,0.392,0.728,112,0.333,117,76,2,7,0,0,1,8/HD,
325,Max Muncy,22,ATH,AL,-0.1,63,220,206,17,44,7,0,9,23,1,1,10,68,0.214,0.259,0.379,0.638,73,0.276,64,78,1,3,0,1,0,54/6H,
326,Ezequiel Durán,26,TEX,AL,0.2,90,219,205,16,46,14,0,0,14,11,2,8,55,0.224,0.266,0.293,0.559,64,0.251,59,60,3,4,1,1,0,63H45/91D7,
327,Luke Raley*,30,SEA,AL,-0.3,73,219,183,23,37,8,0,4,19,2,1,19,64,0.202,0.319,0.311,0.631,84,0.294,91,57,2,13,3,1,0,93H/8D7,
328,Drew Waters#,26,KCR,AL,-0.4,71,219,206,21,50,6,3,1,14,5,3,11,60,0.243,0.288,0.316,0.603,70,0.281,76,65,2,2,0,0,0,789/HD,
329,Jake Bauers*,29,MIL,NL,0.6,85,218,183,28,43,9,0,7,28,8,1,32,59,0.235,0.353,0.399,0.752,110,0.34,110,73,1,2,0,1,1,3H7/D19,
330,Otto Kemp,25,PHI,NL,-0.2,62,218,197,26,46,11,0,8,28,2,2,12,67,0.234,0.298,0.411,0.709,91,0.314,93,81,4,7,0,2,0,537/H4,
331,Kameron Misner*,27,TBR,AL,0.6,71,217,197,27,42,9,1,5,22,8,1,16,69,0.213,0.273,0.345,0.618,72,0.279,68,68,1,1,1,2,0,89/7HD,
332,Jake Fraley*,30,2TM,NL,0.4,76,217,191,31,46,9,0,6,23,4,3,25,49,0.241,0.332,0.382,0.714,96,0.323,100,73,1,1,0,0,1,9H/7D,
332,Jake Fraley*,30,CIN,NL,0.4,67,193,168,29,39,8,0,6,23,4,2,24,41,0.232,0.332,0.387,0.719,96,0.324,97,65,1,1,0,0,1,9H/7D,
332,Jake Fraley*,30,ATL,NL,0,9,24,23,2,7,1,0,0,0,0,1,1,8,0.304,0.333,0.348,0.681,94,0.319,119,8,0,0,0,0,0,/9H7D,
333,Christian Vázquez,34,MIN,AL,0.7,65,214,190,14,36,7,0,3,14,1,1,18,35,0.189,0.271,0.274,0.545,52,0.259,57,52,3,4,0,2,0,2/H,
334,Orlando Arcia,30,2TM,NL,-1.2,76,214,203,13,41,7,1,3,13,0,1,10,47,0.202,0.238,0.291,0.529,42,0.243,40,59,4,0,0,1,0,6453/HD,
334,Orlando Arcia,30,ATL,NL,-0.1,14,32,31,1,6,1,0,0,1,0,0,1,8,0.194,0.219,0.226,0.445,27,0.23,41,7,0,0,0,0,0,6/DH,
334,Orlando Arcia,30,COL,NL,-1.1,62,182,172,12,35,6,1,3,12,0,1,9,39,0.203,0.242,0.302,0.544,45,0.245,40,52,4,0,0,1,0,4563/HD,
335,Parker Meadows*,25,DET,AL,0.3,58,213,191,22,41,6,2,4,16,4,0,21,56,0.215,0.291,0.33,0.621,73,0.279,70,63,0,0,0,1,0,8/H,
336,Max Schuemann,28,ATH,AL,0.1,101,213,183,20,36,4,2,2,13,7,1,22,35,0.197,0.295,0.273,0.568,59,0.273,57,50,6,4,3,1,0,45H6/789D,
337,Alex Verdugo*,29,ATL,NL,-0.2,56,213,197,21,47,10,0,0,12,1,0,14,31,0.239,0.296,0.289,0.585,67,0.269,68,57,1,2,0,0,0,7/H,
338,Josh Rojas*,31,CHW,AL,-1.5,69,211,189,14,34,9,0,2,11,4,1,19,48,0.18,0.252,0.259,0.512,45,0.246,47,49,6,0,1,2,0,54/7H,
339,Tyler O'Neill,30,BAL,AL,-0.6,54,209,181,22,36,6,1,9,26,4,0,22,51,0.199,0.292,0.392,0.684,92,0.302,90,71,2,3,0,3,1,9D/7H,
340,Rob Refsnyder,34,BOS,AL,1.2,70,209,182,29,49,12,0,9,30,3,0,24,54,0.269,0.354,0.484,0.838,133,0.368,138,88,6,1,0,2,1,9HD7,
341,Nacho Alvarez Jr.,22,ATL,NL,0.8,58,208,188,18,44,12,0,2,15,0,0,12,49,0.234,0.296,0.33,0.626,78,0.28,76,62,1,5,2,1,0,5/H,
342,Paul DeJong,31,WSN,NL,-0.2,57,208,193,18,44,10,0,6,23,4,0,11,70,0.228,0.269,0.373,0.642,80,0.283,74,72,3,1,0,3,0,546/D3H,
343,Edouard Julien*,26,MIN,AL,-0.7,64,208,182,13,40,10,0,3,12,0,3,22,61,0.22,0.309,0.324,0.633,76,0.274,73,59,3,2,1,1,0,34D/H6,
344,Luke Keaschall,22,MIN,AL,2,49,207,182,25,55,14,0,4,28,14,3,19,29,0.302,0.382,0.445,0.827,129,0.377,136,81,4,5,0,1,0,4/D,ROY-9
345,Ryan Ritter,24,COL,NL,0.3,60,207,187,22,45,9,3,1,18,3,1,10,61,0.241,0.296,0.337,0.632,69,0.29,68,63,7,5,4,1,0,64/H,
346,Robert Hassell III*,23,WSN,NL,-0.2,70,206,197,22,44,9,0,3,18,4,0,8,62,0.223,0.257,0.315,0.572,61,0.266,63,62,4,1,0,0,0,89H/7D,
347,Masataka Yoshida*,31,BOS,AL,0.3,55,205,188,16,50,11,0,4,26,3,0,10,24,0.266,0.307,0.388,0.696,95,0.32,103,73,3,3,0,4,0,D/H79,
348,José Herrera#,28,ARI,NL,0,57,204,166,21,31,6,0,2,17,0,0,23,47,0.187,0.285,0.259,0.544,54,0.254,50,43,2,1,11,3,0,01-Feb,
349,Yordan Alvarez*,28,HOU,AL,0.7,48,199,165,17,45,8,0,6,27,1,1,28,33,0.273,0.367,0.43,0.797,122,0.339,118,71,1,0,0,6,5,D7/H,
350,Darell Hernaiz,23,ATH,AL,-0.4,51,197,173,17,40,5,1,2,16,3,4,17,24,0.231,0.292,0.306,0.599,66,0.273,66,53,2,0,2,5,0,654,
351,Gio Urshela,33,ATH,AL,-1.1,59,197,181,10,43,14,1,0,20,0,1,13,40,0.238,0.287,0.326,0.613,69,0.271,61,59,6,0,2,1,0,5/3DH,
352,David Hamilton*,27,BOS,AL,1,91,194,177,27,35,4,1,6,19,22,6,13,47,0.198,0.257,0.333,0.59,65,0.274,63,59,3,1,3,0,0,4H6/D5,
353,Luisangel Acuña,23,NYM,NL,0.5,95,193,175,30,41,7,0,0,8,16,1,13,37,0.234,0.293,0.274,0.567,63,0.273,58,48,6,2,2,1,0,4H/658,
354,Andy Ibáñez,32,DET,AL,0.7,91,193,176,24,42,8,0,4,21,4,1,12,26,0.239,0.301,0.352,0.653,81,0.292,81,62,6,4,0,1,0,5H4/3D67,
355,Christian Koss,27,SFG,NL,1.8,74,191,174,25,46,9,0,3,23,4,1,9,45,0.264,0.309,0.368,0.676,94,0.317,103,64,4,3,3,2,0,4H5/61D,
356,Justin Turner,40,CHC,NL,-0.1,80,191,169,14,37,7,0,3,18,2,0,17,37,0.219,0.288,0.314,0.602,74,0.282,81,53,3,1,0,4,0,3HD5,
357,Amed Rosario,29,2TM,2LG,0.3,62,191,181,20,50,11,0,6,23,1,0,7,31,0.276,0.309,0.436,0.745,108,0.328,108,79,6,2,0,1,0,54H/9D16,
357,Amed Rosario,29,WSN,NL,0.3,46,158,148,19,40,8,0,5,18,1,0,7,22,0.27,0.31,0.426,0.736,106,0.326,107,63,5,2,0,1,0,54H/D169,
357,Amed Rosario,29,NYY,AL,0,16,33,33,1,10,3,0,1,5,0,0,0,9,0.303,0.303,0.485,0.788,114,0.335,114,16,1,0,0,0,0,/59H4,
358,Ha-Seong Kim,29,2TM,2LG,0.3,48,191,171,19,40,4,0,5,17,6,2,16,39,0.234,0.304,0.345,0.649,83,0.29,81,59,2,2,0,2,0,6/4H,
358,Ha-Seong Kim,29,TBR,AL,0.1,24,93,84,5,18,3,0,2,5,6,1,8,23,0.214,0.29,0.321,0.612,71,0.283,69,27,0,1,0,0,0,04-Jun,
358,Ha-Seong Kim,29,ATL,NL,0.2,24,98,87,14,22,1,0,3,12,0,1,8,16,0.253,0.316,0.368,0.684,94,0.297,92,32,2,1,0,2,0,6/H,
359,Matt Thaiss*,30,2TM,AL,1.1,60,190,156,16,34,6,1,1,16,1,1,29,46,0.218,0.349,0.288,0.638,82,0.299,88,45,2,3,1,1,0,2/H3D,
359,Matt Thaiss*,30,CHW,AL,1.1,35,110,85,11,18,4,0,1,8,1,1,23,21,0.212,0.382,0.294,0.676,94,0.323,107,25,2,1,0,1,0,2/H3D,
359,Matt Thaiss*,30,TBR,AL,0.1,25,80,71,5,16,2,1,0,8,0,0,6,25,0.225,0.304,0.282,0.585,66,0.265,62,20,0,2,1,0,0,2/3H,
360,Nick Loftin,26,KCR,AL,-0.4,67,188,168,17,35,9,2,4,20,1,1,14,27,0.208,0.278,0.357,0.635,77,0.273,70,60,7,3,1,2,0,7H45/3D,
361,Connor Wong,29,BOS,AL,-0.5,63,188,168,16,32,8,0,0,7,2,1,16,42,0.19,0.262,0.238,0.5,43,0.242,49,40,7,1,1,2,0,2/H3D,
362,Luis Matos,23,SFG,NL,-0.2,57,184,172,26,38,9,1,8,22,4,0,11,27,0.221,0.266,0.424,0.691,95,0.306,93,73,5,0,0,1,0,97/8HD,
363,Ronny Mauricio#,24,NYM,NL,0.7,61,184,168,19,38,6,0,6,10,4,0,15,54,0.226,0.293,0.369,0.663,87,0.303,88,62,5,1,0,0,1,5H/46D,
364,Christian Moore,22,LAA,AL,0.1,53,184,162,20,32,5,1,7,16,3,0,19,62,0.198,0.284,0.37,0.655,83,0.289,80,60,3,1,1,1,0,4/H,
365,Graham Pauley*,24,MIA,NL,0.7,62,184,161,18,36,9,1,4,11,2,0,21,36,0.224,0.311,0.366,0.678,89,0.303,87,59,1,0,1,1,0,5/438,
366,Jeremiah Jackson,25,BAL,AL,0.4,48,183,170,20,47,10,2,5,21,0,2,11,50,0.276,0.328,0.447,0.775,117,0.329,116,76,6,2,0,0,0,95/HD4,
367,Sam Haggerty#,31,TEX,AL,0.8,64,182,162,31,41,7,3,2,13,12,4,16,37,0.253,0.328,0.37,0.698,104,0.334,122,60,1,2,1,0,1,H78D/49,
368,Austin Martin,26,MIN,AL,0.7,50,181,156,22,44,8,1,1,7,11,4,22,31,0.282,0.374,0.365,0.74,107,0.333,108,57,6,1,2,0,0,78/H4,
369,Austin Hedges,32,CLE,AL,-0.4,68,180,155,13,25,3,0,5,10,1,2,18,43,0.161,0.25,0.277,0.527,48,0.233,41,43,2,1,4,2,0,01-Feb,
370,Leody Taveras#,26,2TM,AL,-0.6,58,180,171,13,35,6,1,3,17,9,3,5,50,0.205,0.226,0.304,0.53,52,0.236,48,52,0,0,3,1,0,89/H,
370,Leody Taveras#,26,TEX,AL,0.1,30,82,79,7,19,3,1,1,8,6,1,2,23,0.241,0.259,0.342,0.601,74,0.268,69,27,0,0,1,0,0,8/H,
370,Leody Taveras#,26,SEA,AL,-0.6,28,98,92,6,16,3,0,2,9,3,2,3,27,0.174,0.198,0.272,0.47,34,0.21,31,25,0,0,2,1,0,9/8H,
371,Donovan Solano,37,2TM,AL,-0.1,71,179,166,10,41,4,1,3,21,0,0,8,40,0.247,0.291,0.337,0.628,82,0.28,81,56,9,3,0,2,0,3H/45,
371,Donovan Solano,37,SEA,AL,0,69,176,163,10,41,4,1,3,21,0,0,8,38,0.252,0.295,0.344,0.639,85,0.284,84,56,9,3,0,2,0,3H/5,
371,Donovan Solano,37,TEX,AL,-0.1,2,3,3,0,0,0,0,0,0,0,0,0,2,0,0,0,0,-100,0,-118,0,0,0,0,0,0,/4,
372,Jack Suwinski*,26,PIT,NL,-0.4,59,178,150,15,22,7,0,3,10,7,1,24,57,0.147,0.281,0.253,0.534,49,0.258,49,38,1,4,0,0,1,879/HD,
373,Alejandro Osuna*,22,TEX,AL,0.1,63,176,151,12,32,4,0,2,15,5,4,21,34,0.212,0.313,0.278,0.591,75,0.264,78,42,1,2,0,2,1,79/DH8,
374,Miles Mastrobuoni*,29,SEA,AL,0.2,76,175,152,20,38,4,0,1,12,6,3,17,29,0.25,0.324,0.296,0.62,82,0.279,80,45,2,0,5,1,0,H5497/13D,
375,John Rave*,27,KCR,AL,0.1,72,175,153,18,30,5,0,4,14,7,2,18,46,0.196,0.283,0.307,0.59,66,0.266,61,47,1,1,2,1,0,978/HD,
376,Tyler Heineman#,34,TOR,AL,1.9,61,174,149,25,43,8,1,3,20,2,0,12,31,0.289,0.361,0.416,0.777,113,0.339,111,62,1,6,5,2,0,2/H1,
377,Johan Rojas,24,PHI,NL,0.5,71,172,152,23,34,3,2,1,18,12,2,13,40,0.224,0.28,0.289,0.569,56,0.271,53,44,2,0,4,3,0,8H/D,
378,Blake Perkins#,28,MIL,NL,0.3,54,171,155,25,35,6,2,3,19,7,2,15,47,0.226,0.298,0.348,0.647,80,0.296,80,54,4,1,0,0,0,8/HD,
379,Hyeseong Kim*,26,LAD,NL,1.7,71,170,161,19,45,6,1,3,17,13,1,7,52,0.28,0.314,0.385,0.699,96,0.335,102,62,0,1,1,0,0,4H86,
380,José Tena*,24,WSN,NL,0.3,50,169,152,19,37,13,2,0,16,3,1,15,37,0.243,0.314,0.355,0.669,90,0.297,87,54,4,1,0,1,0,5/4HD,
381,Yohel Pozo,28,STL,NL,0.2,67,168,160,16,37,8,0,5,19,0,0,7,22,0.231,0.262,0.375,0.637,78,0.281,77,60,4,0,0,1,0,2H/3D,
382,Heston Kjerstad*,26,BAL,AL,-1.6,54,167,156,16,30,5,2,4,19,1,0,6,45,0.192,0.24,0.327,0.566,58,0.253,56,51,9,4,0,1,0,79/HD,
383,Thairo Estrada,29,COL,NL,-0.4,39,165,154,14,39,9,0,3,21,1,3,6,26,0.253,0.285,0.37,0.655,74,0.286,72,57,6,2,0,3,0,4,
384,Martín Maldonado,38,SDP,NL,-0.2,64,161,147,11,30,6,0,4,12,0,0,8,57,0.204,0.245,0.327,0.572,58,0.258,55,48,3,0,6,0,0,2,
385,Austin Slater,32,2TM,AL,-0.1,65,160,148,22,32,6,1,5,13,1,0,11,51,0.216,0.27,0.372,0.642,78,0.289,79,55,6,0,1,0,0,79H/D813,
385,Austin Slater,32,CHW,AL,0.3,51,135,123,20,29,6,1,5,11,1,0,11,35,0.236,0.299,0.423,0.721,100,0.316,99,52,5,0,1,0,0,H97/D83,
385,Austin Slater,32,NYY,AL,-0.4,14,25,25,2,3,0,0,0,2,0,0,0,16,0.12,0.12,0.12,0.24,-33,0.142,-26,3,1,0,0,0,0,/79H1,
386,Denzel Clarke,25,ATH,AL,0.9,47,159,148,18,34,8,2,3,8,6,0,6,61,0.23,0.274,0.372,0.646,76,0.285,63,55,1,3,2,0,0,8/H,
387,David Fry,29,CLE,AL,-0.8,66,157,146,16,25,4,0,8,23,1,0,9,58,0.171,0.229,0.363,0.592,62,0.256,55,53,3,2,0,0,0,DH,
388,Kyle Karros,22,COL,NL,0,43,156,137,20,31,4,0,1,9,0,0,15,41,0.226,0.308,0.277,0.585,59,0.274,58,38,5,2,0,2,0,5/DH,
389,Dalton Rushing*,24,LAD,NL,0.2,53,155,142,15,29,5,0,4,24,0,0,10,58,0.204,0.258,0.324,0.582,63,0.263,61,46,1,1,0,2,0,2/H3D,
390,Jhonkensy Noel,23,CLE,AL,-1.4,69,153,148,19,24,2,0,6,13,0,0,4,52,0.162,0.183,0.297,0.48,31,0.211,23,44,4,0,0,1,0,9H/37D,
391,Alan Roden*,25,2TM,AL,-0.6,55,153,136,17,26,6,1,2,9,1,1,8,37,0.191,0.261,0.294,0.556,53,0.244,46,40,0,6,0,3,0,79/H8,
391,Alan Roden*,25,TOR,AL,-0.1,43,113,98,12,20,5,1,1,8,0,1,8,24,0.204,0.283,0.306,0.589,62,0.256,55,30,0,4,0,3,0,79/H8,
391,Alan Roden*,25,MIN,AL,-0.4,12,40,38,5,6,1,0,1,1,1,0,0,13,0.158,0.2,0.263,0.463,27,0.212,18,10,0,2,0,0,0,7/89,
392,Jahmai Jones,27,DET,AL,0.9,72,150,129,21,37,11,1,7,23,2,0,18,32,0.287,0.387,0.55,0.937,157,0.403,161,71,3,3,0,0,1,HD97/4,
393,Bryce Teodosio,26,LAA,AL,0.5,50,150,138,12,28,7,2,1,7,7,1,5,47,0.203,0.248,0.304,0.553,55,0.247,45,42,2,4,1,2,0,8,
394,Derek Hill,29,2TM,2LG,1.1,57,149,134,19,29,6,0,3,11,7,0,9,48,0.216,0.281,0.328,0.609,70,0.285,67,44,3,3,3,0,0,8/HD,
394,Derek Hill,29,MIA,NL,0.9,53,141,127,19,27,6,0,3,10,7,0,9,46,0.213,0.275,0.331,0.606,69,0.285,66,42,3,2,3,0,0,8/HD,
394,Derek Hill,29,CHW,AL,0.2,4,8,7,0,2,0,0,0,1,0,0,0,2,0.286,0.375,0.286,0.661,90,0.3,88,2,0,1,0,0,0,/8H,
395,Will Wagner*,26,2TM,2LG,-0.6,55,149,129,15,29,7,0,0,7,1,0,17,28,0.225,0.324,0.279,0.603,69,0.297,81,36,3,2,1,0,0,5H3/D4,
395,Will Wagner*,26,TOR,AL,-0.5,40,132,114,13,27,7,0,0,7,1,0,15,26,0.237,0.336,0.298,0.634,76,0.311,91,34,2,2,1,0,0,53/DH4,
395,Will Wagner*,26,SDP,NL,-0.1,15,17,15,2,2,0,0,0,0,0,0,2,2,0.133,0.235,0.133,0.369,7,0.188,8,2,1,0,0,0,0,H/45,
396,Brandon Lockridge,28,2TM,NL,0.2,67,148,134,17,31,7,1,0,11,10,1,8,36,0.231,0.276,0.299,0.574,61,0.266,52,40,2,1,3,2,0,78H9/D,
396,Brandon Lockridge,28,SDP,NL,-0.2,47,95,88,9,19,4,0,0,5,8,1,4,24,0.216,0.258,0.261,0.519,46,0.247,37,23,2,1,2,0,0,78H/9,
396,Brandon Lockridge,28,MIL,NL,0.4,20,53,46,8,12,3,1,0,6,2,0,4,12,0.261,0.308,0.37,0.677,88,0.3,79,17,0,0,1,2,0,/89H7D,
397,James Outman*,28,2TM,2LG,-1,59,148,134,19,18,5,1,6,11,1,0,12,63,0.134,0.216,0.321,0.537,47,0.248,48,43,0,2,0,0,0,897/HD,
397,James Outman*,28,LAD,NL,-0.2,22,44,39,8,4,1,0,2,4,0,0,4,18,0.103,0.205,0.282,0.487,36,0.221,31,11,0,1,0,0,0,8/H9,
397,James Outman*,28,MIN,AL,-0.8,37,104,95,11,14,4,1,4,7,1,0,8,45,0.147,0.221,0.337,0.558,52,0.26,56,32,0,1,0,0,0,897/HD,
398,Yanquiel Fernández*,22,COL,NL,-0.8,52,147,138,13,31,5,0,4,11,0,0,8,44,0.225,0.265,0.348,0.613,63,0.269,55,48,4,0,0,1,0,D9/H7,
399,Warming Bernabel,23,COL,NL,0,40,146,139,15,35,8,1,4,14,1,1,7,25,0.252,0.288,0.41,0.698,84,0.311,86,57,2,0,0,0,0,3/5DH,
400,Joshua Palacios*,29,CHW,AL,-1.2,51,145,128,11,26,4,0,3,9,0,0,12,36,0.203,0.292,0.305,0.596,68,0.276,70,39,0,4,1,0,0,97/HD,
401,DJ LeMahieu,36,NYY,AL,0.6,45,142,128,13,34,3,0,2,12,0,0,14,35,0.266,0.338,0.336,0.674,89,0.307,94,43,4,0,0,0,0,4/H,
402,Jake Rogers,30,DET,AL,0.2,46,142,123,14,23,5,2,3,19,0,0,15,39,0.187,0.277,0.333,0.61,69,0.28,74,41,3,1,1,2,0,2/1HD,
403,Lane Thomas,29,CLE,AL,-0.6,39,142,125,10,20,2,0,4,11,4,1,14,44,0.16,0.246,0.272,0.518,45,0.242,44,34,4,1,0,2,0,8/H9D,
404,Reese McGuire*,30,CHC,NL,0.3,44,140,133,17,30,2,0,9,24,0,0,4,27,0.226,0.245,0.444,0.688,93,0.289,87,59,3,0,1,2,0,2/H1,
405,Kyren Paris,23,LAA,AL,0.8,44,140,126,20,24,4,1,6,11,7,1,10,59,0.19,0.266,0.381,0.647,80,0.302,86,48,1,3,0,0,0,84/H7D,
406,CJ Kayfus*,23,CLE,AL,0.2,44,138,123,16,27,10,1,4,19,4,0,11,38,0.22,0.292,0.415,0.707,95,0.311,91,51,0,2,1,1,0,93/HD,
407,Dylan Beavers*,23,BAL,AL,1,35,137,110,16,25,5,1,4,14,2,2,26,36,0.227,0.375,0.4,0.775,120,0.346,128,44,0,0,1,0,0,79/H,
408,Christian Encarnacion-Strand,25,CIN,NL,-0.6,36,137,130,13,27,4,0,6,19,0,2,3,32,0.208,0.234,0.377,0.61,63,0.254,53,49,1,2,0,2,0,05-Mar,
