"Rank","Player","Team","Positions","Yahoo","CBS","RTS","NFBC","FT","ESPN","AVG"
"1","Shohei Ohtani","LAD","SP,DH","","1","2","1","1","1","1.0"
"2","Aaron Judge","NYY","LF,CF,RF,DH","1","2","1","2","2","2","1.8"
"3","Shohei Ohtani (Batter)","LAD","DH","2","","","","","","2.0"
"4","Bobby Witt Jr.","KC","SS","3","3","4","3","4","4","3.6"
"5","Juan Soto","NYM","LF,RF,DH","4","4","3","4","3","3","3.6"
"6","Jose Ramirez","CLE","3B,DH","7","5","5","5","5","7","5.4"
"7","Ronald Acuna Jr.","ATL","RF","9","6","6","6","7","8","6.6"
"8","Tarik Skubal","DET","SP","5","8","7","7","6","6","6.8"
"9","Elly De La Cruz","CIN","SS","6","7","9","8","9","29","7.8"
"10","Paul Skenes","PIT","SP","8","11","8","10","8","5","9.0"
"11","Julio Rodriguez","SEA","CF","11","10","10","9","10","20","10.0"
"12","Kyle Tucker","LAD","RF,DH","10","9","13","15","12","10","10.8"
"13","Garrett Crochet","BOS","SP","12","13","12","12","11","9","12.0"
"14","Fernando Tatis Jr.","SD","2B,RF","18","12","14","13","14","12","13.0"
"15","Corbin Carroll","ARI","CF,RF","19","17","11","11","16","14","13.8"
"16","Cal Raleigh","SEA","C,DH","13","15","15","17","13","11","14.6"
"17","Gunnar Henderson","BAL","SS,DH","14","14","16","14","18","19","15.2"
"18","Junior Caminero","TB","3B","15","16","17","16","17","17","16.6"
"19","Vladimir Guerrero Jr.","TOR","1B,DH","16","18","18","18","20","18","18.4"
"20","Nick Kurtz","ATH","1B","20","19","19","19","19","46","19.2"
"21","Kyle Schwarber","PHI","LF,DH","17","21","23","23","15","21","21.0"
"22","Jackson Chourio","MIL","LF,CF,RF","21","22","21","20","22","30","21.2"
"23","Jazz Chisholm Jr.","NYY","2B,3B","23","20","22","21","21","44","21.4"
"24","Yoshinobu Yamamoto","LAD","SP","24","25","25","26","23","15","24.6"
"25","Pete Alonso","BAL","1B,DH","22","27","26","24","24","45","24.6"
"26","Francisco Lindor","NYM","SS","25","26","20","22","32","33","25.0"
"27","Ketel Marte","ARI","2B,DH","27","24","27","30","25","13","26.6"
"28","Cristopher Sanchez","PHI","SP","26","31","24","27","26","16","26.8"
"29","Trea Turner","PHI","SS","28","23","29","25","30","62","27.0"
"30","Yordan Alvarez","HOU","LF,DH","38","29","28","33","33","28","30.2"
"31","Manny Machado","SD","3B,DH","30","30","32","32","28","23","30.4"
"32","Pete Crow-Armstrong","CHC","CF","35","28","31","29","29","53","30.4"
"33","James Wood","WSH","LF,RF,DH","39","32","34","31","27","75","32.6"
"34","Zach Neto","LAA","SS","29","35","36","28","42","134","34.0"
"35","Bryan Woo","SEA","SP","34","33","33","38","38","25","35.2"
"36","Matt Olson","ATL","1B","32","38","35","44","31","50","36.0"
"37","Hunter Brown","HOU","SP","40","41","30","36","34","26","36.2"
"38","Bryce Harper","PHI","1B,DH","31","36","43","43","35","74","37.6"
"39","Logan Gilbert","SEA","SP","41","37","39","37","41","22","39.0"
"40","Chris Sale","ATL","SP","37","39","37","39","43","31","39.0"
"41","Brent Rooker","ATH","LF,RF,DH","33","46","41","42","39","39","41.4"
"42","Rafael Devers","SF","1B,DH","43","34","42","56","37","81","42.4"
"43","Mason Miller","SD","RP","47","48","48","34","69","36","42.6"
"44","Wyatt Langford","TEX","LF,CF","51","43","44","40","44","90","44.4"
"45","Max Fried","NYY","SP","44","42","38","53","46","27","44.6"
"46","Brice Turang","MIL","2B","49","40","45","50","40","61","44.8"
"47","Logan Webb","SF","SP","42","50","40","57","45","24","46.8"
"48","Mookie Betts","LAD","SS","36","45","52","54","47","32","46.8"
"49","Roman Anthony","BOS","LF,CF,RF,DH","45","47","54","52","36","38","47.2"
"50","Edwin Diaz","LAD","RP","52","52","47","35","74","51","47.4"
"51","Cole Ragans","KC","SP","50","49","51","55","48","52","50.0"
"52","Freddie Freeman","LAD","1B","48","44","50","61","49","71","50.4"
"53","Jacob deGrom","TEX","SP","53","51","46","51","52","37","50.6"
"54","Cody Bellinger","NYY","LF,CF,RF","55","54","59","75","65","43","55.2"
"55","Austin Riley","ATL","3B","57","53","53","63","53","78","55.8"
"56","William Contreras","MIL","C,DH","58","61","55","48","58","34","56.0"
"57","Freddy Peralta","NYM","SP","60","63","49","59","51","41","56.4"
"58","Josh Naylor","SEA","1B,DH","61","55","57","60","55","79","57.6"
"59","Geraldo Perdomo","ARI","SS","59","59","71","73","56","59","60.8"
"60","Jarren Duran","BOS","LF,CF,DH","46","70","61","67","54","55","61.4"
"61","Cade Smith","CLE","RP","72","78","65","45","90","54","62.8"
"62","Jhoan Duran","PHI","RP","71","69","64","46","89","64","62.8"
"63","Riley Greene","DET","LF,CF,RF,DH","56","67","60","71","60","102","62.8"
"64","Maikel Garcia","KC","2B,3B,SS,OF","64","65","58","68","59","66","64.4"
"65","George Kirby","SEA","SP","62","64","62","69","67","49","64.8"
"66","Ben Rice","NYY","C,1B,DH","76","60","63","47","72","56","65.4"
"67","Jackson Merrill","SD","CF","54","57","73","65","66","67","65.6"
"68","Andres Munoz","SEA","RP","66","66","56","41","82","60","66.0"
"69","Shea Langeliers","ATH","C,DH","63","68","66","49","70","72","67.8"
"70","CJ Abrams","WSH","SS","86","56","72","58","71","131","68.6"
"71","Dylan Cease","TOR","SP","69","80","67","77","63","57","71.2"
"72","Byron Buxton","MIN","CF,DH","89","58","80","72","61","104","72.0"
"73","Joe Ryan","MIN","SP","65","71","69","74","84","40","72.6"
"74","Jesus Luzardo","PHI","SP","77","74","77","78","57","42","72.6"
"75","Hunter Goodman","COL","C,DH","80","62","75","62","85","118","72.8"
"76","Framber Valdez","DET","SP","70","77","68","85","68","47","73.6"
"77","Vinnie Pasquantino","KC","1B,DH","78","76","78","76","64","63","74.4"
"78","George Springer","TOR","LF,CF,RF,DH","85","75","70","88","78","69","75.4"
"79","Kyle Bradish","BAL","SP","75","82","79","80","76","96","78.4"
"80","Tyler Soderstrom","ATH","1B,LF","81","81","86","82","79","107","81.8"
"81","David Bednar","NYY","RP","93","86","88","64","120","83","82.8"
"82","Randy Arozarena","SEA","LF,CF","73","85","81","83","50","93","83.0"
"83","Corey Seager","TEX","SS","67","72","91","90","77","89","83.8"
"84","Aroldis Chapman","BOS","RP","100","88","87","66","114","80","84.2"
"85","Bo Bichette","NYM","3B,SS","68","79","74","87","88","94","84.4"
"86","Eugenio Suarez","CIN","3B,DH","84","73","83","97","62","86","84.6"
"87","Oneil Cruz","PIT","CF,DH","83","84","94","89","73","129","84.6"
"88","Shohei Ohtani (Pitcher)","LAD","SP","88","","","","","","88.0"
"89","Nick Pivetta","SD","SP","82","97","89","93","81","70","88.4"
"90","Alex Bregman","CHC","3B,DH","79","83","100","107","75","35","88.8"
"91","Devin Williams","NYM","RP","103","95","93","70","136","84","89.0"
"92","Christian Yelich","MIL","LF,DH","99","87","97","112","83","82","89.6"
"93","Nico Hoerner","CHC","2B,SS","97","89","82","96","86","48","90.0"
"94","Nolan McLean","NYM","SP","87","90","84","95","99","103","91.0"
"95","Eury Perez","MIA","SP","116","91","96","86","91","92","91.2"
"96","Seiya Suzuki","CHC","LF,RF,DH","96","96","85","92","118","99","93.6"
"97","Salvador Perez","KC","C,1B,DH","94","108","92","84","113","97","95.0"
"98","Will Smith","LAD","C","104","102","106","91","179","73","95.2"
"99","Kevin Gausman","TOR","SP","91","94","98","110","87","65","96.0"
"100","Jose Altuve","HOU","2B,LF,DH","95","92","95","106","93","58","96.2"
"101","Michael Harris II","ATL","CF","90","100","107","94","98","125","97.8"
"102","Michael Busch","CHC","1B","106","93","102","101","95","145","99.4"
"103","Sonny Gray","BOS","SP","98","144","109","128","96","77","101.6"
"104","Drake Baldwin","ATL","C,DH","139","115","99","81","119","95","101.8"
"105","Jeremy Pena","HOU","SS","92","99","104","99","166","135","105.8"
"106","Willy Adames","SF","SS","102","110","113","115","92","130","106.4"
"107","Jacob Misiorowski","MIL","SP","105","113","131","121","94","100","106.6"
"108","Spencer Strider","ATL","SP","126","114","105","108","80","88","108.2"
"109","Teoscar Hernandez","LAD","LF,RF","101","111","111","116","106","143","109.0"
"110","Agustin Ramirez","MIA","C,DH","128","104","103","79","107","117","111.8"
"111","Luke Keaschall","MIN","2B","112","98","119","118","101","113","112.6"
"112","Tyler Glasnow","LAD","SP","107","109","117","117","102","114","112.8"
"113","Raisel Iglesias","ATL","RP","119","106","133","103","165","108","113.8"
"114","Chase Burns","CIN","SP,RP","117","112","121","111","100","110","114.2"
"115","Trevor Story","BOS","SS","115","101","108","102","148","190","114.8"
"116","Kyle Stowers","MIA","1B,LF,CF,RF,DH","108","105","124","127","124","160","117.6"
"117","Taylor Ward","BAL","LF","120","139","120","144","104","106","117.8"
"118","Luis Robert Jr.","NYM","CF","140","107","130","109","110","200","119.2"
"119","Josh Hader","HOU","RP","121","116","128","98","191","142","121.0"
"120","Jo Adell","LAA","LF,CF,RF","122","121","136","113","115","188","121.4"
"121","Cam Schlittler","NYY","SP","118","103","116","131","117","133","123.0"
"122","Blake Snell","LAD","SP","110","168","126","120","173","101","125.0"
"123","Nick Lodolo","CIN","SP","123","119","129","129","128","136","125.6"
"124","Matt Chapman","SF","3B","131","128","163","152","103","116","126.0"
"125","Brandon Woodruff","MIL","SP","127","129","122","132","121","109","126.2"
"126","Yandy Diaz","TB","1B,DH","125","127","112","123","133","123","126.2"
"127","Zack Wheeler","PHI","SP","133","130","101","134","141","76","127.8"
"128","Ozzie Albies","ATL","2B","114","125","127","149","125","91","128.0"
"129","Brandon Nimmo","TEX","LF,CF,RF,DH","150","132","118","136","97","112","129.6"
"130","Carlos Estevez","KC","RP","130","136","125","105","155","170","130.2"
"131","Nathan Eovaldi","TEX","SP","129","126","114","146","137","85","130.4"
"132","Ryan Pepiot","TB","SP","141","140","137","135","112","98","133.0"
"133","Michael King","SD","SP","137","146","135","137","135","128","134.4"
"134","Emmet Sheehan","LAD","SP","138","123","139","130","131","141","135.8"
"135","Jeff Hoffman","TOR","RP","146","124","144","114","180","157","137.0"
"136","Lawrence Butler","ATH","CF,RF","154","131","142","145","122","198","138.8"
"137","Emilio Pagan","CIN","RP","160","137","153","126","204","119","139.0"
"138","Jakob Marsee","MIA","LF,CF","134","134","132","139","109","159","139.6"
"139","Andy Pages","LAD","LF,CF,RF","142","148","143","122","127","140","140.0"
"140","Luis Castillo","SEA","SP","113","173","148","163","108","87","141.0"
"141","Daniel Palencia","CHC","RP","153","120","134","124","192","174","141.0"
"142","Ryan Helsley","BAL","RP","135","122","123","100","169","168","143.4"
"143","Yainer Diaz","HOU","C,DH","192","161","138","104","250","127","144.4"
"144","Gavin Williams","CLE","SP","147","138","145","151","111","144","145.0"
"145","Noelvi Marte","CIN","3B,RF","163","135","147","133","147","217","145.0"
"146","MacKenzie Gore","TEX","SP","144","170","146","186","134","132","145.2"
"147","Sandy Alcantara","MIA","SP","145","133","141","147","116","163","145.8"
"148","Ian Happ","CHC","LF","136","171","149","173","105","105","146.8"
"149","Steven Kwan","CLE","LF,CF","164","142","154","153","123","68","147.2"
"150","Trevor Rogers","BAL","SP","148","117","140","157","130","161","147.2"
"151","Hunter Greene","CIN","SP","74","215","76","138","326","250","150.6"
"152","Bubba Chandler","PIT","SP","143","145","165","155","146","193","150.8"
"153","Adley Rutschman","BAL","C,DH","174","176","151","143","234","111","151.0"
"154","Pete Fairbanks","MIA","RP","167","152","155","125","200","165","152.8"
"155","Ceddanne Rafaela","BOS","2B,CF","151","150","156","119","139","169","153.0"
"156","Brandon Lowe","PIT","2B","268","118","172","166","138","173","153.4"
"157","Robbie Ray","SF","SP","156","163","175","158","143","155","155.0"
"158","Trevor Megill","MIL","RP","168","141","159","141","189","176","157.0"
"159","Xavier Edwards","MIA","2B,SS","149","143","197","171","163","164","158.0"
"160","Shota Imanaga","CHC","SP","176","157","166","167","153","148","158.2"
"161","Drew Rasmussen","TB","SP","183","174","157","150","140","126","160.8"
"162","Dansby Swanson","CHC","SS","159","155","169","140","126","184","161.4"
"163","Kenley Jansen","DET","RP","165","154","168","142","216","178","161.4"
"164","Ranger Suarez","BOS","SP","158","164","162","184","144","124","162.4"
"165","Jacob Wilson","ATH","SS","162","159","167","172","174","137","166.8"
"166","Tatsuya Imai","HOU","SP","237","169","161","169","149","189","167.4"
"167","Kazuma Okamoto","TOR","1B,3B","166","151","181","228","177","162","167.4"
"168","Mike Trout","LAA","CF,RF,DH","169","149","178","177","132","166","167.8"
"169","Chandler Simpson","TB","LF,CF","261","166","158","164","152","207","169.4"
"170","Alec Burleson","STL","1B,LF,RF,DH","172","181","160","165","185","122","172.6"
"171","Matt McLain","CIN","2B,SS","182","160","177","183","168","224","174.0"
"172","Tanner Bibee","CLE","SP","161","193","186","189","145","121","174.8"
"173","Jackson Holliday","BAL","2B,SS","173","182","176","160","280","186","175.4"
"174","Trey Yesavage","TOR","SP","111","153","150","168","209","199","175.8"
"175","Ivan Herrera","STL","C,DH","170","167","110","156","317","277","176.0"
"176","Alejandro Kirk","TOR","C","196","211","174","148","242","154","176.6"
"177","Jac Caglianone","KC","1B,RF,DH","236","175","180","195","157","182","177.8"
"178","Bryan Reynolds","PIT","LF,CF,RF,DH","180","178","189","194","150","152","178.6"
"179","Spencer Torkelson","DET","1B","195","177","173","178","129","181","180.8"
"180","Willson Contreras","BOS","1B","124","192","164","174","159","216","181.0"
"181","Colson Montgomery","CWS","3B,SS","155","179","152","217","203","247","181.2"
"182","Kris Bubic","KC","SP","336","156","179","211","178","192","183.2"
"183","Bryson Stott","PHI","2B,SS","267","212","209","176","151","175","184.6"
"184","Cade Horton","CHC","SP","179","172","184","193","156","202","186.0"
"185","Munetaka Murakami","CWS","1B,3B","152","203","171","205","142","204","187.0"
"186","Konnor Griffin","PIT","SS,CF","212","180","191","187","187","197","188.4"
"187","Jack Flaherty","DET","SP","171","217","230","216","172","171","189.4"
"188","Edward Cabrera","CHC","SP","287","191","193","191","167","206","189.6"
"189","Sal Stewart","CIN","1B,2B,3B,DH","331","165","185","190","190","220","190.0"
"190","Dennis Santana","PIT","RP","181","183","187","161","259","242","190.8"
"191","Carlos Rodon","NYY","SP","191","186","182","206","217","191","191.2"
"192","Daulton Varsho","TOR","LF,CF","274","162","203","192","171","240","193.6"
"193","Abner Uribe","MIL","RP","244","202","198","175","363","156","195.0"
"194","Christian Walker","HOU","1B","178","209","199","196","154","194","195.2"
"195","Isaac Paredes","HOU","1B,3B,DH","270","194","231","212","162","185","196.8"
"196","Ryan Walker","SF","RP","200","184","207","180","248","213","196.8"
"197","Matthew Boyd","CHC","SP","220","158","201","225","182","146","197.2"
"198","Andrew Abbott","CIN","SP","177","205","208","219","181","153","198.0"
"199","Daylen Lile","WSH","LF,RF,DH","348","220","192","204","196","180","198.4"
"200","Jorge Polanco","NYM","2B,3B,DH","234","187","213","209","186","210","201.0"
"201","Shane Baz","BAL","SP","337","224","212","200","176","196","201.6"
"202","Jose Caballero","NYY","2B,3B,SS,LF,RF","201","200","196","207","238","208","202.4"
"203","Addison Barger","TOR","3B,LF,RF","214","189","204","185","164","225","203.4"
"204","Zac Gallen","ARI","SP","193","219","228","221","158","115","203.8"
"205","Marcus Semien","NYM","2B","184","198","216","238","183","150","203.8"
"206","Gerrit Cole","NYY","SP","189","190","217","257","276","167","204.0"
"207","Shane McClanahan","TB","SP","273","199","183","222","205","218","205.4"
"208","Robert Suarez","ATL","RP","194","252","195","199","266","187","205.4"
"209","Aaron Nola","PHI","SP","216","213","222","210","170","172","206.6"
"210","Sal Frelick","MIL","LF,CF,RF","288","229","236","201","188","179","206.6"
"211","Gleyber Torres","DET","2B","185","241","219","231","160","120","207.2"
"212","Jonathan Aranda","TB","1B","249","147","188","181","175","248","208.2"
"213","Wilyer Abreu","BOS","LF,CF,RF","297","210","221","214","197","211","210.6"
"214","Heliot Ramos","SF","LF,CF,RF","303","245","238","208","161","205","211.4"
"215","Brenton Doyle","COL","CF","188","196","202","154","236","236","211.6"
"216","Gabriel Moreno","ARI","C","276","223","215","170","314","195","215.8"
"217","Ezequiel Tovar","COL","SS","199","240","246","198","207","267","218.0"
"218","Adolis Garcia","PHI","RF","300","221","235","218","184","235","218.6"
"219","JJ Wetherholt","STL","2B,3B,SS","175","197","225","240","221","228","222.2"
"220","Royce Lewis","MIN","1B,3B","328","195","234","188","195","300","222.4"
"221","Brendan Donovan","SEA","2B,3B,SS,LF","198","216","233","261","210","151","223.6"
"222","Griffin Jax","TB","SP,RP","262","185","211","203","258","149","223.8"
"223","Ramon Laureano","SD","LF,CF,RF","344","206","224","215","194","289","225.6"
"224","Jordan Westburg","BAL","2B,3B","157","277","190","237","340","276","227.4"
"225","Samuel Basallo","BAL","C,1B,DH","255","201","206","159","269","214","229.0"
"226","Alec Bohm","PHI","1B,3B","266","228","245","239","214","222","229.6"
"227","Caleb Durbin","BOS","2B,3B","260","235","227","229","199","158","230.0"
"228","Carter Jensen","KC","C,DH","271","234","194","182","320","269","230.0"
"229","Merrill Kelly","ARI","SP","338","243","250","247","208","203","230.2"
"230","Kerry Carpenter","DET","LF,RF,DH","291","208","258","220","241","230","231.4"
"231","Max Muncy","LAD","3B","197","204","239","234","239","244","232.0"
"232","Trent Grisham","NYY","CF","318","244","232","241","193","252","232.4"
"233","Luis Arraez","SF","1B,2B,DH","215","226","240","251","231","139","232.6"
"234","J.T. Realmuto","PHI","C","211","250","241","202","252","212","233.2"
"235","Bryan Abreu","HOU","RP","269","207","200","232","274","138","236.4"
"236","Giancarlo Stanton","NYY","LF,RF,DH","233","188","237","243","255","219","237.4"
"237","Carlos Correa","HOU","3B,SS","248","222","266","253","233","234","238.0"
"238","Austin Wells","NYY","C","227","262","243","223","309","237","238.4"
"239","TJ Friedl","CIN","LF,CF","325","292","247","252","198","209","239.6"
"240","Joe Musgrove","SD","SP","346","258","229","254","212","255","241.6"
"241","Ryne Nelson","ARI","SP,RP","230","247","284","255","222","270","244.8"
"242","Kyle Manzardo","CLE","1B,DH","341","246","242","235","215","287","245.0"
"243","Kodai Senga","NYM","SP","316","238","251","270","227","243","245.8"
"244","Dylan Crews","WSH","CF,RF","272","218","205","179","278","258","246.2"
"245","Jack Leiter","TEX","SP","335","233","290","242","202","264","246.2"
"246","Noah Cameron","KC","SP","345","232","263","269","206","263","246.6"
"247","Roki Sasaki","LAD","SP","245","273","286","250","244","229","248.2"
"248","Kevin McGonigle","DET","3B,SS","299","227","244","264","245","262","248.4"
"249","Jung Hoo Lee","SF","CF,RF","213","348","401","282","226","177","249.2"
"250","Xander Bogaerts","SD","SS","332","237","252","226","295","238","249.6"
"251","Francisco Alvarez","NYM","C,DH","252","230","210","162","284","281","251.4"
"252","Colton Cowser","BAL","LF,CF,RF","265","266","288","245","201","352","253.0"
"253","Seranthony Dominguez","CWS","RP","280","214","226","284","331","274","255.6"
"254","Luis Garcia","WSH","1B,2B,DH","278","255","297","230","306","226","257.2"
"255","Ernie Clement","TOR","1B,2B,3B,SS","190","280","280","276","261","147","257.4"
"256","Jordan Beck","COL","LF,RF","309","264","282","227","213","","259.0"
"257","Dillon Dingler","DET","C,DH","217","287","279","224","342","290","259.4"
"258","Shane Smith","CWS","SP","334","248","300","258","225","273","260.8"
"259","Shane Bieber","TOR","SP","186","271","214","248","294","279","261.2"
"260","Kyle Teel","CWS","C","258","257","218","197","293","292","263.6"
"261","Logan O'Hoppe","LAA","C","246","282","272","233","299","333","266.4"
"262","Jake Burger","TEX","1B","294","286","257","249","249","315","267.0"
"263","Andrew Vaughn","MIL","1B","350","254","281","274","243","293","269.0"
"264","Connelly Early","BOS","SP","340","272","262","256","235","321","269.2"
"265","Yusei Kikuchi","LAA","SP","327","274","302","346","224","221","269.6"
"266","Otto Lopez","MIA","2B,SS","324","249","265","213","300","183","270.2"
"267","Spencer Steer","CIN","1B,2B,LF,RF","256","251","223","263","302","285","271.4"
"268","Ryan Weathers","NYY","SP","322","242","264","275","256","327","271.8"
"269","Chase DeLauter","CLE","CF,RF,DH","263","269","261","288","282","346","272.6"
"270","Clay Holmes","NYM","SP","293","319","249","327","246","261","273.6"
"271","Braxton Ashcraft","PIT","SP,RP","290","263","274","277","270","297","274.8"
"272","Tyler Stephenson","CIN","C","210","256","317","244","348","","275.0"
"273","Ryan O'Hearn","PIT","1B,LF,RF,DH","253","301","285","267","271","201","275.4"
"274","Cody Ponce","TOR","SP,RP","296","267","260","286","240","275","276.8"
"275","Bryce Miller","SEA","SP","347","275","278","260","292","280","277.0"
"276","Mike Burrows","HOU","SP,RP","323","260","255","287","275","323","280.0"
"277","Casey Mize","DET","SP","279","239","307","271","223","308","280.8"
"278","Grayson Rodriguez","LAA","SP","304","270","292","292","251","353","281.8"
"279","Justin Crawford","PHI","CF","284","236","253","278","291","316","284.4"
"280","Bailey Ober","MIN","SP","298","361","372","305","232","227","284.6"
"281","Joey Cantillo","CLE","SP,RP","311","297","367","279","272","272","286.2"
"282","Willi Castro","COL","1B,2B,3B,SS,LF,RF","295","306","321","285","285","265","287.2"
"283","Marcell Ozuna","PIT","DH","286","328","277","304","220","245","288.0"
"284","Mark Vientos","NYM","1B,3B,DH","257","295","259","315","315","499","288.2"
"285","Miguel Vargas","CWS","1B,3B","317","302","296","273","229","257","289.0"
"286","Evan Carter","TEX","LF,CF,RF","","279","340","283","218","326","289.2"
"287","Sean Manaea","NYM","SP,RP","209","299","365","297","283","","290.6"
"288","Masyn Winn","STL","SS","321","338","318","272","262","283","291.2"
"289","Mickey Moniak","COL","LF,CF,RF,DH","","231","256","236","230","","238.3"
"290","Andrew Painter","PHI","SP","306","261","275","307","301","271","292.0"
"291","Robert Garcia","TEX","RP","329","225","269","281","329","253","292.2"
"292","Jasson Dominguez","NYY","LF,CF,RF,DH","342","278","303","265","273","350","292.2"
"293","Spencer Schwellenbach","ATL","SP","132","305","90","291","398","337","292.6"
"294","Quinn Priester","MIL","SP,RP","243","317","276","302","330","","293.6"
"295","Logan Henderson","MIL","SP","349","332","254","293","260","","297.6"
"296","Brady Singer","CIN","SP","308","289","327","306","211","259","297.8"
"297","Carson Benge","NYM","LF,CF,RF","","259","273","330","332","299","298.6"
"298","Jordan Lawlar","ARI","3B,LF,CF","","281","299","301","298","328","301.4"
"299","Jose Soriano","LAA","SP","339","327","301","310","228","232","301.8"
"300","Zach McKinstry","DET","2B,3B,SS,LF,RF","224","358","","324","323","284","302.6"
"301","Brayan Bello","BOS","SP","281","323","325","319","237","266","302.8"
"302","Ryan Jeffers","MIN","C,DH","319","293","293","246","335","286","305.2"
"303","Parker Messick","CLE","SP","305","296","329","299","297","404","305.2"
"304","Victor Scott","STL","CF","282","314","310","316","310","","306.4"
"305","Garrett Whitlock","BOS","RP","235","294","339","425","409","256","306.6"
"306","Seth Lugo","KC","SP","","335","344","349","263","246","307.4"
"307","Will Warren","NYY","SP","320","308","323","303","287","351","308.2"
"308","Jonathan India","KC","2B,3B,LF,DH","251","","411","354","296","231","308.6"
"309","Brett Baty","NYM","1B,2B,3B,RF","222","290","357","266","325","311","309.8"
"310","Luis Gil","NYY","SP","277","339","271","344","254","319","310.0"
"311","Jeff McNeil","ATH","2B,LF,CF,RF","229","","397","333","333","260","310.4"
"312","Colt Keith","DET","1B,2B,3B,DH","250","307","287","300","318","340","310.4"
"313","Nick Castellanos","","RF,DH","264","","283","356","281","368","310.4"
"314","Chris Bassitt","BAL","SP","301","315","315","339","265","282","310.4"
"315","Jameson Taillon","CHC","SP","283","310","350","326","288","","311.4"
"316","J.P. Crawford","SEA","3B,SS","218","","351","395","328","268","312.0"
"317","David Peterson","CHC","SP,RP","307","345","267","350","257","296","313.0"
"318","Josh Smith","TEX","1B,2B,3B,SS,LF,RF","285","333","405","325","337","305","317.0"
"319","Jeremiah Estrada","SD","RP","","288","268","388","403","241","317.6"
"320","Brooks Lee","MIN","2B,3B,SS","259","","332","313","383","304","318.2"
"321","Kirby Yates","LAA","RP","275","265","291","341","422","","318.8"
"322","Mitch Keller","PIT","SP","312","355","349","347","219","239","320.4"
"323","Michael Wacha","KC","SP","314","316","363","360","253","249","321.2"
"324","Will Vest","DET","RP","232","304","319","318","376","295","322.4"
"325","Nolan Arenado","ARI","3B","208","298","364","377","344","233","323.2"
"326","Nolan Schanuel","LAA","1B","326","352","358","311","303","329","324.2"
"327","Josh Jung","TEX","3B","204","367","","328","357","367","324.6"
"328","Tommy Edman","LAD","2B,3B,LF,CF","228","","395","342","351","318","326.8"
"329","Anthony Volpe","NYY","SS","226","","381","357","360","312","327.2"
"330","Reid Detmers","LAA","SP,RP","206","347","362","329","316","291","329.0"
"331","Reynaldo Lopez","ATL","SP,RP","310","351","348","336","307","372","330.4"
"332","Brandon Pfaadt","ARI","SP,RP","302","","386","381","264","325","331.6"
"333","Chad Patrick","MIL","SP,RP","","324","354","322","286","376","332.4"
"334","Matt Shaw","CHC","2B,3B,RF,DH","240","","359","259","313","","292.8"
"335","Ian Seymour","TB","SP,RP","","","333","335","289","215","293.0"
"336","Justin Steele","CHC","SP","315","359","389","384","312","309","335.8"
"337","Andres Gimenez","TOR","2B,SS","207","356","415","298","267","345","336.2"
"338","Riley O'Brien","STL","RP","333","253","334","280","385","359","338.2"
"339","Josh Lowe","LAA","LF,CF,RF","","322","353","268","247","","297.5"
"340","Cade Cavalli","WSH","SP","","329","331","334","341","365","340.0"
"341","Jake Cronenworth","SD","1B,2B,SS","292","","398","403","321","288","340.4"
"342","Bryce Eldridge","SF","1B,DH","254","311","409","369","362","","341.0"
"343","Lenyn Sosa","TOR","1B,2B,DH","","360","248","290","304","","300.5"
"344","Ryan McMahon","NYY","3B","202","","412","410","346","347","343.4"
"345","Javier Baez","DET","2B,3B,SS,CF","219","","306","445","446","307","344.6"
"346","Matt Wallner","MIN","LF,RF","","312","335","296","277","","305.0"
"347","Marcelo Mayer","BOS","2B,3B,SS","238","353","270","363","416","342","348.8"
"348","Matthew Liberatore","STL","SP","","326","342","391","322","374","351.0"
"349","Carson Kelly","CHC","C","203","","","312","394","364","318.3"
"350","Tyler Mahle","SF","SP","","291","369","331","308","","324.8"
"351","Dylan Beavers","BAL","LF,CF,RF,DH","","334","382","317","268","","325.3"
"352","Justin Verlander","DET","SP","241","","420","459","380","310","362.0"
"353","Adrian Morejon","SD","RP","242","","392","467","455","254","362.0"
"354","Cedric Mullins II","TB","CF","","331","408","294","279","","328.0"
"355","Grant Holmes","ATL","SP","","300","352","423","367","381","364.6"
"356","Anthony Santander","TOR","LF,RF,DH","330","","220","348","425","","330.8"
"357","Zebby Matthews","MIN","SP","","330","388","309","305","","333.0"
"358","Jacob Lopez","ATH","SP","","268","391","359","324","","335.5"
"359","Edwin Uceta","TB","RP","313","","316","320","402","","337.8"
"360","Cristian Javier","HOU","SP","","313","360","372","311","","339.0"
"361","Paul Goldschmidt","NYY","1B,DH","205","","361","994","458","341","471.8"
"362","JoJo Romero","STL","RP","","357","396","393","417","306","373.8"
"363","Carlos Narvaez","BOS","C","","","341","289","392","361","345.8"
"364","Zach Eflin","BAL","SP","289","","366","382","347","","346.0"
"365","Clayton Beeter","WSH","RP","","276","337","351","421","","346.3"
"366","Owen Caissie","MIA","CF,RF,DH","","284","390","370","343","","346.8"
"367","Alex Vesia","LAD","RP","225","","384","1309","","278","549.0"
"368","Dustin May","STL","SP","","365","385","406","327","415","379.6"
"369","Max Meyer","MIA","SP","","320","370","352","354","","349.0"
"370","Kyle Finnegan","DET","RP","239","","","353","423","387","350.5"
"371","Tyler Rogers","TOR","RP","221","","428","1281","","251","545.3"
"372","Bo Naylor","CLE","C","","","343","321","400","358","355.5"
"373","Luis Severino","ATH","SP","","342","","436","334","317","357.3"
"374","Moises Ballesteros","CHC","C,DH","","309","373","371","384","","359.3"
"375","Dominic Canzone","SEA","LF,RF,DH","","364","383","332","364","","360.8"
"376","Cam Smith","HOU","RF","","336","","314","290","","313.3"
"377","Mike Yastrzemski","ATL","LF,CF,RF","","","298","409","361","379","361.8"
"378","Kevin Ginkel","ARI","RP","","283","308","468","442","451","390.4"
"379","Austin Hays","CWS","LF,DH","","366","345","361","381","","363.3"
"380","Luke Weaver","NYM","RP","223","341","399","466","457","302","393.0"
"381","Grant Taylor","CWS","SP,RP","","","402","343","371","348","366.0"
"382","Mick Abel","MIN","SP","","303","375","400","387","","366.3"
"383","Matt Strahm","KC","RP","231","","427","1267","462","360","549.4"
"384","Andrew Benintendi","CWS","LF,DH","","337","","413","405","331","371.5"
"385","Nolan Gorman","STL","2B,3B,DH","","","400","394","378","320","373.0"
"386","Nick Martinez","TB","SP,RP","","321","","1028","369","301","504.8"
"387","Taylor Rogers","MIN","RP","","346","305","399","456","","376.5"
"388","Tanner Scott","LAD","RP","","","356","397","424","344","380.3"
"389","Tyler O'Neill","BAL","LF,RF","","363","416","376","368","","380.8"
"390","Corbin Burnes","ARI","SP","343","","417","949","445","322","495.2"
"391","Coby Mayo","BAL","1B,3B,DH","","349","410","387","389","","383.8"
"392","Robby Snelling","MIA","SP","","","355","338","349","","347.3"
"393","Spencer Horwitz","PIT","1B","","354","421","378","396","","387.3"
"394","Hurston Waldrep","ATL","SP","","","309","362","377","","349.3"
"395","Harrison Bader","SF","LF,CF,RF","","","376","323","353","","350.7"
"396","Luisangel Acuna","CWS","2B,SS,CF","","","407","385","372","392","389.0"
"397","Isaac Collins","KC","LF,RF","","","338","365","358","","353.7"
"398","Edgar Quero","CWS","C,DH","","","347","308","407","","354.0"
"399","Paul Sewald","ARI","RP","","325","336","430","478","","392.3"
"400","Justin Sterner","ATH","RP","","318","320","429","","","355.7"
"401","Jeffrey Springs","ATH","SP","","","326","426","319","","357.0"
"402","Garrett Cleavinger","TB","RP","","344","378","415","439","","394.0"
"403","Eric Lauer","LAD","SP,RP","247","","328","1241","","","605.3"
"404","Lucas Giolito","SD","SP","","","330","416","336","","360.7"
"405","Jason Adam","SD","RP","","","371","1288","","223","627.3"
"406","Zack Littell","WSH","SP,RP","","","380","428","410","386","401.0"
"407","Jake Mangum","PIT","LF,CF,RF","","","322","379","401","","367.3"
"408","Victor Vodnik","COL","RP","","","314","367","435","","372.0"
"409","Taj Bradley","MIN","SP","","","374","398","350","","374.0"
"410","Johan Oviedo","BOS","SP","","","324","418","382","","374.7"
"411","Josh Bell","MIN","1B,DH","","","418","355","355","","376.0"
"412","Chase Meidroth","CWS","2B,3B,SS","","","","337","359","434","376.7"
"413","Jordan Walker","STL","LF,RF","","","423","345","370","","379.3"
"414","Tony Santillan","CIN","RP","","","425","440","469","314","412.0"
"415","Jordan Leasure","CWS","RP","","","311","374","467","","384.0"
"416","Spencer Arrighetti","HOU","SP","","340","","447","365","","384.0"
"417","Gavin Sheets","SD","1B,LF,RF,DH","","","403","375","375","","384.3"
"418","Triston Casas","BOS","1B","","","313","446","415","","391.3"
"419","Troy Melton","DET","SP,RP","","","312","364","","","338.0"
"420","Lucas Erceg","KC","RP","","350","","453","","390","397.7"
"421","Spencer Jones","NYY","CF,RF,DH","","","295","1111","481","427","578.5"
"422","Brandon Marsh","PHI","LF,CF,RF","","","","358","345","","351.5"
"423","Jesus Sanchez","TOR","LF,CF,RF,DH","","","","340","366","","353.0"
"424","Lars Nootbaar","STL","LF,CF,RF","","","413","419","379","","403.7"
"425","Camilo Doval","NYY","RP","","","","457","464","303","408.0"
"426","Matt Svanson","STL","RP","","285","","439","","","362.0"
"427","Brad Keller","PHI","RP","","","429","1137","","298","621.3"
"428","Jonah Tong","NYM","SP","","","","380","352","","366.0"
"429","Robert Stephenson","LAA","RP","","","346","411","480","","412.3"
"430","Jose Berrios","TOR","SP","","","379","769","356","","501.3"
"431","Luis Rengifo","SD","2B,3B,OF","","","404","389","447","","413.3"
"432","Matt Brash","SEA","RP","","","424","973","463","356","554.0"
"433","Patrick Bailey","CLE","C","","","","422","450","380","417.3"
"434","Hunter Gaddis","CLE","RP","","","419","1291","","330","680.0"
"435","Max Scherzer","TOR","SP","","","","1019","411","338","589.3"
"436","Harry Ford","WSH","C","","","406","407","440","","417.7"
"437","Slade Cecconi","CLE","SP","","","","414","338","","376.0"
"438","Trevor Larnach","MIN","LF,RF,DH","","","","417","339","","378.0"
"439","Simeon Woods Richardson","TOR","SP,RP","","","","368","390","","379.0"
"440","Jorge Soler","LAA","RF,DH","","","","390","373","","381.5"
"441","Jake McCarthy","COL","LF,CF,RF","","","393","424","451","","422.7"
"442","Braxton Garrett","MIA","SP","","","422","441","406","","423.0"
"443","Hyeseong Kim","LAD","2B,SS,CF","","","","881","419","349","549.7"
"444","Ha-Seong Kim","ATL","2B,SS","","","","366","404","","385.0"
"445","Kyle Harrison","MIL","SP,RP","","","387","458","430","","425.0"
"446","Mauricio Dubon","ATL","2B,3B,SS,LF,CF","","","","460","483","334","425.7"
"447","Connor Norby","MIA","1B,3B,DH","","","","383","391","","387.0"
"448","Thomas White","MIA","SP","","","377","455","448","","426.7"
"449","Walker Jenkins","MIN","CF","","","304","1087","475","","622.0"
"450","Victor Robles","SEA","LF,CF,RF","","","","373","408","","390.5"
"451","Eduardo Rodriguez","ARI","SP","","","","1104","393","391","629.3"
"452","Colt Emerson","SEA","3B,SS","","","","435","432","421","429.3"
"453","Max Muncy","ATH","2B,3B,SS","","","","948","461","336","581.7"
"454","Javier Sanoja","MIA","2B,3B,SS,LF,CF","","","","1224","","294","759.0"
"455","Payton Tolle","BOS","SP,RP","","","","404","","401","402.5"
"456","Jared Jones","PIT","SP","","","","421","388","","404.5"
"457","Denzel Clarke","ATH","CF","","","","438","465","412","438.3"
"458","Nasim Nunez","WSH","2B,SS","","","426","412","479","","439.0"
"459","Kyle Leahy","STL","SP,RP","","","","1139","","313","726.0"
"460","Landen Roupp","SF","SP","","","","427","395","","411.0"
"461","Cole Young","SEA","2B","","","","1094","459","366","639.7"
"462","Brady House","WSH","3B,DH","","","394","869","433","","565.3"
"463","Louis Varland","TOR","RP","","","","1226","","324","775.0"
"464","Jared Triolo","PIT","1B,2B,3B,SS","","","","408","454","473","445.0"
"465","Hogan Harris","ATH","RP","","343","","1090","491","","641.3"
"466","Kody Clemens","MIN","1B,2B,LF,CF,RF","","","","396","438","","417.0"
"467","Parker Meadows","DET","CF","","","","437","397","","417.0"
"468","Dean Kremer","BAL","SP","","","","461","374","","417.5"
"469","Travis Bazzana","CLE","2B","","","","966","431","407","601.3"
"470","Joey Ortiz","MIL","3B,SS","","","","420","420","","420.0"
"471","Enrique Hernandez","LAD","1B,2B,3B,LF","","","","1062","","339","700.5"
"472","Rhys Hoskins","CLE","1B,DH","","","","818","488","357","554.3"
"473","Sean Murphy","ATL","C","","","","402","444","","423.0"
"474","Miguel Rojas","LAD","2B,3B,SS","","","","1307","","343","825.0"
"475","Luis Morales","ATH","SP","","","","434","413","","423.5"
"476","Victor Caratini","MIN","C,1B,DH","","","","386","474","","430.0"
"477","Freddy Fermin","SD","C","","","","392","472","","432.0"
"478","Kristian Campbell","BOS","2B,CF","","","","451","414","","432.5"
"479","Fernando Cruz","NYY","RP","","","","1308","","362","835.0"
"480","Jonny DeLuca","TB","LF,CF,RF","","362","","1195","","","778.5"
"481","Christian Moore","LAA","2B,LF","","","","456","412","","434.0"
"482","Keibert Ruiz","WSH","C","","","","401","468","","434.5"
"483","Shawn Armstrong","CLE","RP","","","368","1294","","","831.0"
"484","Nolan Jones","CWS","LF,CF,RF","","","","1156","","369","762.5"
"485","Jose Alvarado","PHI","RP","","","","1312","","370","841.0"
"486","Brandon Sproat","MIL","SP","","","","449","428","","438.5"
"487","Jack Dreyer","LAD","SP,RP","","","","934","","375","654.5"
"488","Lourdes Gurriel Jr.","ARI","LF,DH","","","","452","427","","439.5"
"489","Ke'Bryan Hayes","CIN","3B","","","","1023","429","450","634.0"
"490","Didier Fuentes","ATL","SP,RP","","","","1084","","377","730.5"
"491","Lane Thomas","KC","LF,CF,RF","","","","444","437","","440.5"
"492","Wander Franco","TB","SS","","","","572","","378","475.0"
"493","Wenceel Perez","DET","CF,RF","","","","450","434","","442.0"
"494","Dalton Rushing","LAD","C,1B","","","","442","476","470","462.7"
"495","Jesus Rodriguez","SF","C,OF","","","","1091","","382","736.5"
"496","Alexis Diaz","TEX","RP","","","","1123","","383","753.0"
"497","Davis Schneider","TOR","2B,LF","","","","1236","","384","810.0"
"498","Bobby Miller","LAD","SP","","","","1005","","385","695.0"
"499","Rhett Lowder","CIN","SP","","","","650","386","","518.0"
"500","Jake Meyers","HOU","CF","","","","454","436","","445.0"
"501","Clayton Kershaw","","SP","","","","547","","388","467.5"
"502","Jesus Made","MIL","2B,3B,SS","","","","1107","","394","750.5"
"503","Eric Wagaman","NYM","1B,LF","","","","1252","","395","823.5"
"504","Zack Gelof","ATH","2B,3B,CF","","","","1212","471","428","703.7"
"505","Connor Wong","BOS","C","","","","1303","","396","849.5"
"506","Carlos Rodriguez","MIL","RP","","","","555","","397","476.0"
"507","Ben Brown","CHC","SP,RP","","","","1144","","398","771.0"
"508","Edmundo Sosa","PHI","2B,3B,SS,LF","","","","1298","","399","848.5"
"509","Michael McGreevy","STL","SP","","","","1011","399","","705.0"
"510","Kyle Freeland","COL","SP","","","","1043","","402","722.5"
"511","Michael Lorenzen","COL","SP,RP","","","","1274","","405","839.5"
"512","Oswaldo Cabrera","NYY","3B","","","","748","","406","577.0"
"513","Ronny Henriquez","MIA","RP","","","","433","477","","455.0"
"514","Leo De Vries","ATH","SS","","","","1178","","408","793.0"
"515","Taijuan Walker","","SP,RP","","","","1047","","411","729.0"
"516","Liam Hicks","MIA","C,1B,DH","","","","1065","","413","739.0"
"517","Danny Jansen","TEX","C","","","","431","486","","458.5"
"518","Carson Williams","TB","SS","","","","465","452","","458.5"
"519","Gabe Speier","SEA","RP","","","414","1250","","","832.0"
"520","Jacob Webb","CHC","RP","","","","514","","414","464.0"
"521","Tim Hill","NYY","RP","","","","601","","416","508.5"
"522","Michael Conforto","CHC","LF,RF,DH","","","","1265","","417","841.0"
"523","Isiah Kiner-Falefa","BOS","2B,3B,SS","","","","1282","","418","850.0"
"524","Adrian Houser","SF","SP","","","","979","418","","698.5"
"525","Otto Kemp","PHI","1B,3B,LF","","","","1215","","419","817.0"
"526","Alex Verdugo","","LF,RF","","","","602","","422","512.0"
"527","Amed Rosario","NYY","2B,3B,OF","","","","1237","","423","830.0"
"528","Rowdy Tellez","ATL","1B","","","","1039","","426","732.5"
"529","Aidan Miller","PHI","SS","","","","448","482","","465.0"
"530","Walker Buehler","SD","SP","","","","1300","","429","864.5"
"531","Andrew Kittredge","BAL","RP","","","430","1022","","","726.0"
"532","Andrew McCutchen","","LF,RF,DH","","","","941","","430","685.5"
"533","Bryan King","HOU","RP","","","431","1030","","","730.5"
"534","Angel Zerpa","MIL","RP","","","","1020","","431","725.5"
"535","Jake Bauers","MIL","1B,LF,RF","","","","1189","","432","810.5"
"536","Jordan Romano","COL","RP","","","","1272","","433","852.5"
"537","Seth Hernandez","PIT","SP","","","","591","","436","513.5"
"538","Bryan De La Cruz","PHI","LF","","","","625","","437","531.0"
"539","River Ryan","LAD","SP","","","","1135","","439","787.0"
"540","Tyler Wells","BAL","SP,RP","","","","983","441","","712.0"
"541","Stuart Fairchild","CLE","LF,CF,RF","","","","607","","441","524.0"
"542","Alex Freeland","LAD","2B,3B,SS","","","","1239","","442","840.5"
"543","Luke Raley","SEA","1B,LF,CF,RF","","","","1184","","443","813.5"
"544","Joe Boyle","TB","SP,RP","","","","853","443","","648.0"
"545","Zac Veen","COL","LF,RF","","","","1110","","444","777.0"
"546","Alex Call","LAD","LF,CF,RF","","","","925","","445","685.0"
"547","Darell Hernaiz","ATH","2B,3B,SS","","","","1196","","446","821.0"
"548","Blake Treinen","LAD","RP","","","","928","","447","687.5"
"549","Brooks Raley","NYM","RP","","","","822","","448","635.0"
"550","Miguel Andujar","SD","3B,LF,DH","","","","462","490","","476.0"
"551","Sean Burke","CWS","SP,RP","","","","1089","449","","769.0"
"552","Eduard Bazardo","SEA","RP","","","","947","","449","698.0"
"553","Jorge Mateo","ATL","2B,SS,CF,DH","","","","1122","","452","787.0"
"554","Garrett Mitchell","MIL","CF,RF","","","","954","485","471","636.7"
"555","Gavin Lux","TB","2B,3B,LF,DH","","","","1068","453","","760.5"
"556","Kris Bryant","COL","DH","","","","565","","454","509.5"
"557","Carlos Lagrange","NYY","SP","","","","1188","","455","821.5"
"558","Jack Winkler","HOU","2B,3B,SS","","","","478","","483","480.5"
"559","Foster Griffin","WSH","SP,RP","","","","1132","460","","796.0"
"560","Santiago Espinal","","2B,3B,LF,RF","","","","888","","462","675.0"
"561","Wade Meckler","LAA","LF,CF","","","","674","","464","569.0"
"562","Sung-Mun Song","SD","2B,3B,SS","","","","1117","466","","791.5"
"563","James McCann","ARI","C","","","","1235","","467","851.0"
"564","Cody Freeman","TEX","2B,LF","","","","943","","468","705.5"
"565","Gregory Soto","PIT","RP","","","","1223","","469","846.0"
"566","JP Sears","SD","SP","","","","1269","470","","869.5"
"567","Jose Butto","SF","SP,RP","","","","998","","472","735.0"
"568","Christopher Morel","MIA","1B,LF,DH","","","","1149","473","","811.0"
"569","Jonah Heim","ATH","C,DH","","","","1201","","474","837.5"
"570","Patrick Corbin","TOR","SP","","","","955","","475","715.0"
"571","Keider Montero","DET","SP,RP","","","","921","","476","698.5"
"572","Erick Fedde","CWS","SP,RP","","","","1014","","477","745.5"
"573","Austin Hedges","CLE","C","","","","669","","478","573.5"
"574","Travis d'Arnaud","LAA","C","","","","1064","","479","771.5"
"575","Elias Diaz","TEX","C","","","","739","","480","609.5"
"576","Ryan Pressly","","RP","","","","762","","481","621.5"
"577","George Lombard","NYY","2B,3B,SS","","","","886","","482","684.0"
"578","Nathan Lukes","TOR","LF,CF,RF","","","","1206","484","","845.0"
"579","Sebastian Walcott","TEX","3B,SS","","","","1140","","484","812.0"
"580","Ryan Ward","LAD","1B,LF,RF","","","","1079","","485","782.0"
"581","Warming Bernabel","","1B","","","","1031","","486","758.5"
"582","Ryan Clifford","NYM","1B,OF","","","","1076","","487","781.5"
"583","Abimelec Ortiz","WSH","1B,OF","","","","1256","","488","872.0"
"584","Rafael Marchan","PHI","C","","","","968","","489","728.5"
"585","Phil Maton","CHC","RP","","","","958","489","","723.5"
"586","LaMonte Wade Jr.","HOU","1B,RF","","","","806","","490","648.0"
"587","Eli White","ATL","LF,CF,RF","","","","995","","491","743.0"
"588","Casey Schmitt","SF","1B,2B,3B,LF,DH","","","","1145","","492","818.5"
"589","Ramon Urias","STL","2B,3B","","","","1177","","493","835.0"
"590","James Outman","DET","LF,CF,RF","","","","1157","","494","825.5"
"591","Dylan Moore","PHI","1B,2B,3B,LF,RF","","","","1187","","495","841.0"
"592","Nick Gonzales","PIT","2B,3B,SS","","","","1152","496","","824.0"
"593","Jose Corniell","TEX","SP,RP","","","","917","","496","706.5"
"594","Jake Rogers","DET","C","","","","1000","","497","748.5"
"595","Chase Dollander","COL","SP,RP","","","","1311","","498","904.5"
"596","Jose A. Ferrer","SEA","RP","","","","988","498","","743.0"
"597","Ryan Waldschmidt","ARI","LF,CF,RF","","","","960","499","","729.5"
""
""